id,lat,lon,year_mon,geoid
1,37.774091304,-122.419997169,2022-07,06075020101
2,37.777167948,-122.426337321,2020-08,06075016200
3,37.78832457,-122.393911345,2022-08,06075061507
4,37.778676959,-122.408601057,2022-08,06075017602
5,37.801624499,-122.404014796,2023-03,06075010402
6,37.786514716,-122.469512922,2021-04,06075040200
7,37.803216047,-122.432514629,2020-10,06075012602
8,37.758234933,-122.491870949,2021-06,06075032700
9,37.72991139,-122.458950873,2020-03,06075031000
10,37.782743972,-122.414884812,2023-04,06075012404
11,37.780877259,-122.414506898,2024-08,06075012405
12,37.731296227,-122.380133846,2022-08,06075023102
13,37.795787019,-122.422579704,2024-11,06075011002
14,37.78832457,-122.393911345,2023-06,06075061507
15,37.78511799,-122.41873546,2020-10,06075012202
16,37.773408312,-122.486332269,2021-12,06075047702
17,37.78832457,-122.393911345,2022-10,06075061507
18,37.801704177,-122.428833527,2022-11,06075012901
19,37.753075149,-122.481697902,2022-06,06075032802
20,37.793980821,-122.405476352,2021-01,06075011800
21,37.725150219,-122.429126602,2020-01,06075026001
22,37.73232468,-122.410212076,2022-02,06075025701
23,37.788020549,-122.42606156,2024-09,06075015201
24,37.783777981,-122.409264025,2022-02,06075012503
25,37.712582477,-122.399711876,2020-07,06075061000
26,37.786042449,-122.414780263,2024-10,06075012204
27,37.762352641,-122.389601294,2021-02,06075022600
28,37.779175602,-122.483662767,2022-09,06075047701
29,37.721778046,-122.460733044,2022-09,06075031201
30,37.785890332,-122.411725718,2021-02,06075012301
31,37.781377821,-122.433162044,2024-11,06075015900
32,37.751753868,-122.468336241,2022-05,06075030302
33,37.753352414,-122.475410238,2020-06,06075030302
34,37.779530959,-122.413542707,2024-03,06075017604
35,37.788452159,-122.420326994,2021-05,06075012001
36,37.774748587,-122.476286293,2021-09,06075047600
37,37.786360792,-122.415616899,2024-03,06075012204
38,37.780234521,-122.405564838,2023-12,06075017804
39,37.780619047,-122.508881439,2020-06,06075047902
40,37.78487378,-122.389808109,2022-05,06075061508
41,37.777083316,-122.416979514,2023-06,06075012405
42,37.774759785,-122.416457295,2024-11,06075017603
43,37.78832457,-122.393911345,2022-10,06075061507
44,37.786514716,-122.469512922,2021-04,06075040200
45,37.74509568,-122.492963822,2020-01,06075032901
46,37.761675536,-122.412420348,2020-04,06075022801
47,37.776839383,-122.493175112,2021-07,06075047801
48,37.803216047,-122.432514629,2024-04,06075012602
49,37.789688847,-122.412913103,2021-12,06075011901
50,37.757686099,-122.428078856,2020-04,06075020602
51,37.78832457,-122.393911345,2022-10,06075061507
52,37.78832457,-122.393911345,2023-01,06075061507
53,37.752899363,-122.420807461,2021-06,06075021000
54,37.781538062,-122.448850916,2023-09,06075015701
55,37.789899886,-122.411265644,2024-11,06075011902
56,37.773337656,-122.409148509,2022-03,06075017803
57,37.771920991,-122.404536565,2021-05,06075018000
58,37.781968249,-122.439327447,2024-12,06075015801
59,37.789478818,-122.414561131,2022-11,06075011901
60,37.78832457,-122.393911345,2023-05,06075061507
61,37.732955634,-122.387590806,2024-09,06075023102
62,37.772134835,-122.388253013,2024-01,06075060701
63,37.78832457,-122.393911345,2024-01,06075061507
64,37.718177524,-122.457653784,2024-04,06075031402
65,37.764987402,-122.421639212,2023-12,06075020102
66,37.72941909,-122.404411916,2023-05,06075025702
67,37.729434959,-122.377022281,2021-01,06075023103
68,37.764373209,-122.41747849,2022-03,06075020102
69,37.757582468,-122.394748461,2020-10,06075061402
70,37.780899972,-122.394910628,2022-08,06075061502
71,37.798465839,-122.40743069,2020-03,06075010600
72,37.711775096,-122.409300719,2024-06,06075026403
73,37.778661795,-122.406969943,2024-02,06075017804
74,37.780658986,-122.456084857,2021-05,06075015600
75,37.785217363,-122.41706961,2022-03,06075012203
76,37.718769833,-122.469914087,2024-06,06075031301
77,37.730411596,-122.401166677,2020-06,06075023001
78,37.746812121,-122.476466795,2021-03,06075032801
79,37.783388956,-122.409832446,2023-07,06075012503
80,37.754698116,-122.417651427,2020-02,06075020900
81,37.712008776,-122.44530739,2022-11,06075026303
82,37.78832457,-122.393911345,2022-08,06075061507
83,37.78832457,-122.393911345,2022-08,06075061507
84,37.767530719,-122.428694761,2023-01,06075020300
85,37.78832457,-122.393911345,2023-05,06075061507
86,37.716563538,-122.43088871,2024-04,06075026003
87,37.757751403,-122.420353644,2022-04,06075020801
88,37.74088052,-122.503552814,2024-03,06075035400
89,37.788227025,-122.439617642,2023-09,06075013401
90,37.786259862,-122.4172796,2020-03,06075012203
91,37.746574333,-122.501802783,2024-04,06075035400
92,37.788228687,-122.415995198,2022-01,06075012002
93,37.798284573,-122.422310711,2024-11,06075010902
94,37.777285816,-122.483388672,2022-08,06075047701
95,37.741940842,-122.501944119,2024-02,06075035400
96,37.773408312,-122.486332269,2022-01,06075047702
97,37.757607006,-122.447010819,2024-12,06075020401
98,37.752886166,-122.485984047,2024-09,06075032802
99,37.763506014,-122.426429239,2024-06,06075020300
100,37.766746435,-122.449598297,2022-05,06075017102
101,37.748408198,-122.411010507,2022-02,06075022902
102,37.785736791,-122.465765421,2024-06,06075040200
103,37.764104409,-122.421877973,2022-07,06075020201
104,37.71882359,-122.400423391,2022-06,06075026402
105,37.724764666,-122.394718932,2023-03,06075023300
106,37.746819694,-122.44038062,2020-01,06075021600
107,37.761031443,-122.419351641,2023-12,06075020802
108,37.780052504,-122.409773824,2024-03,06075017602
109,37.764373209,-122.41747849,2022-07,06075020102
110,37.78832457,-122.393911345,2024-11,06075061507
111,37.739595273,-122.490427957,2020-04,06075033001
112,37.777083316,-122.416979514,2021-09,06075012405
113,37.788020549,-122.42606156,2024-09,06075015201
114,37.754269489,-122.496966378,2022-10,06075035102
115,37.725918259,-122.395265028,2022-01,06075023300
116,37.793506651,-122.433922047,2024-02,06075013200
117,37.708943567,-122.444958463,2023-08,06075026303
118,37.783673953,-122.415072979,2023-07,06075012404
119,37.774131213,-122.430012452,2020-08,06075016300
120,37.761736728,-122.497349538,2023-10,06075035101
121,37.800359768,-122.421041384,2023-08,06075010201
122,37.759806799,-122.425386497,2020-10,06075020701
123,37.792124245,-122.423528289,2024-05,06075013101
124,37.777887965,-122.413601564,2022-07,06075017604
125,37.783388956,-122.409832446,2023-02,06075012503
126,37.784334565,-122.389023649,2021-03,06075061508
127,37.78832457,-122.393911345,2024-11,06075061507
128,37.730464014,-122.389831159,2021-10,06075023200
129,37.787027218,-122.394922601,2024-10,06075061503
130,37.781145862,-122.409026046,2022-02,06075017604
131,37.798241407,-122.403286579,2021-07,06075010600
132,37.780646414,-122.427178093,2022-10,06075016102
133,37.779813722,-122.403860418,2022-10,06075017804
134,37.711782413,-122.394441763,2024-07,06075061000
135,37.785890332,-122.411725718,2022-05,06075012301
136,37.798759696,-122.440956203,2022-07,06075012801
137,37.799982584,-122.413306427,2021-02,06075010300
138,37.772694134,-122.42218914,2020-06,06075020101
139,37.777887965,-122.413601564,2020-03,06075017604
140,37.761277299,-122.429469067,2024-01,06075020601
141,37.774759785,-122.416457295,2024-07,06075017603
142,37.71568992,-122.45479584,2020-10,06075031402
143,37.788017878,-122.41763497,2022-12,06075012002
144,37.784616481,-122.41097737,2020-07,06075012503
145,37.759438123,-122.419060338,2021-09,06075020801
146,37.800015394,-122.431093553,2022-08,06075012902
147,37.752002337,-122.408984897,2022-02,06075022903
148,37.78832457,-122.393911345,2023-05,06075061507
149,37.78832457,-122.393911345,2022-10,06075061507
150,37.731664564,-122.383168325,2022-08,06075023102
151,37.719728442,-122.476792566,2020-02,06075033204
152,37.758696596,-122.397057095,2022-04,06075061402
153,37.783818168,-122.409131954,2023-01,06075012503
154,37.750452868,-122.40802958,2021-01,06075022903
155,37.781145862,-122.409026046,2022-02,06075017604
156,37.765582441,-122.463269353,2023-08,06075030101
157,37.780899972,-122.394910628,2023-09,06075061502
158,37.784903682,-122.416234049,2024-11,06075012203
159,37.788955612,-122.417825829,2024-12,06075012001
160,37.78658886,-122.401692292,2020-01,06075061501
161,37.78508954,-122.462359771,2020-07,06075040100
162,37.76830566,-122.427693846,2024-02,06075020300
163,37.783388956,-122.409832446,2022-07,06075012503
164,37.789264947,-122.412049085,2023-07,06075012100
165,37.78832457,-122.393911345,2024-01,06075061507
166,37.754961089,-122.41328645,2024-12,06075022803
167,37.783388956,-122.409832446,2023-04,06075012503
168,37.761215614,-122.509136067,2021-04,06075035202
169,37.78832457,-122.393911345,2024-09,06075061507
170,37.785002127,-122.480861796,2023-08,06075042601
171,37.77290009,-122.424646168,2024-09,06075016802
172,37.787504496,-122.414163692,2022-03,06075012302
173,37.769571487,-122.420224195,2022-05,06075020101
174,37.788733841,-122.437108979,2021-11,06075013401
175,37.748408198,-122.411010507,2021-11,06075022902
176,37.772694134,-122.42218914,2022-05,06075020101
177,37.762352641,-122.389601294,2021-02,06075022600
178,37.771722675,-122.393266192,2022-09,06075060701
179,37.751283573,-122.408512518,2021-04,06075022903
180,37.753095117,-122.403879225,2024-04,06075022903
181,37.751567652,-122.416255531,2020-03,06075020900
182,37.785776408,-122.485689823,2021-12,06075042800
183,37.740351897,-122.421330519,2024-05,06075025401
184,37.763506014,-122.426429239,2021-06,06075020300
185,37.793382004,-122.413660629,2020-06,06075011200
186,37.789478818,-122.414561131,2023-05,06075011901
187,37.73518449,-122.391493955,2021-03,06075061200
188,37.75366081,-122.435430907,2024-01,06075021200
189,37.738693277,-122.490981915,2020-09,06075033001
190,37.773337656,-122.409148509,2020-12,06075017803
191,37.747304789,-122.440808157,2022-04,06075021600
192,37.766134387,-122.421935076,2022-08,06075020102
193,37.785736789,-122.389124364,2023-12,06075061508
194,37.781145862,-122.409026046,2021-10,06075017604
195,37.760721745,-122.47793024,2024-02,06075032601
196,37.766134387,-122.421935076,2021-01,06075020102
197,37.757451265,-122.412902671,2022-08,06075022801
198,37.78487378,-122.389808109,2022-01,06075061508
199,37.777790309,-122.412834332,2020-08,06075017604
200,37.800481142,-122.431961475,2023-05,06075012902
201,37.739036227,-122.42534821,2022-08,06075021800
202,37.75678063,-122.422218843,2022-11,06075020701
203,37.779299769,-122.430296293,2022-10,06075016101
204,37.71568992,-122.45479584,2021-10,06075031402
205,37.78832457,-122.393911345,2022-06,06075061507
206,37.780961754,-122.48687983,2024-01,06075042700
207,37.79865054,-122.445349606,2024-10,06075012801
208,37.725150219,-122.429126602,2020-01,06075026001
209,37.731045533,-122.409969075,2022-05,06075025701
210,37.785942727,-122.418902557,2022-11,06075012202
211,37.792124245,-122.423528289,2020-12,06075013101
212,37.775702412,-122.455154336,2023-10,06075015600
213,37.78469123,-122.39458113,2024-07,06075061504
214,37.80189009,-122.442380294,2020-07,06075012700
215,37.76860658,-122.449976975,2023-05,06075017102
216,37.717721488,-122.444924905,2023-08,06075026100
217,37.732408468,-122.378290058,2022-11,06075023103
218,37.781145862,-122.409026046,2022-01,06075017604
219,37.786377576,-122.392446006,2022-12,06075061504
220,37.774925831,-122.494105184,2022-04,06075047801
221,37.733736663,-122.392378261,2024-05,06075061200
222,37.771722675,-122.393266192,2022-09,06075060701
223,37.78832457,-122.393911345,2022-06,06075061507
224,37.763270374,-122.505122972,2020-12,06075035202
225,37.732487705,-122.384363365,2022-08,06075023102
226,37.777020737,-122.469900956,2024-06,06075045201
227,37.738388717,-122.467295527,2023-01,06075030800
228,37.71568992,-122.45479584,2020-01,06075031402
229,37.78605122,-122.418924277,2021-06,06075012202
230,37.801954696,-122.416160356,2024-02,06075010300
231,37.790802724,-122.410799551,2022-01,06075011902
232,37.773393077,-122.422202193,2024-10,06075016802
233,37.787277155,-122.416825198,2022-07,06075012002
234,37.771817046,-122.427085157,2024-06,06075016801
235,37.758426923,-122.435813348,2023-11,06075020500
236,37.758997199,-122.474589947,2022-02,06075030301
237,37.787419654,-122.392776012,2021-09,06075061506
238,37.746819694,-122.44038062,2021-11,06075021600
239,37.790767998,-122.396202748,2024-09,06075061501
240,37.796267467,-122.41592867,2022-02,06075010800
241,37.762538245,-122.499087531,2024-07,06075035101
242,37.716508763,-122.436747872,2020-06,06075026004
243,37.753989683,-122.416964922,2020-05,06075020900
244,37.785389822,-122.409093228,2021-01,06075012301
245,37.786360792,-122.415616899,2022-10,06075012204
246,37.778670115,-122.435215027,2023-01,06075015801
247,37.773163889,-122.491686817,2020-02,06075047801
248,37.777887965,-122.413601564,2022-01,06075017604
249,37.796344127,-122.416858771,2024-01,06075011002
250,37.751283573,-122.408512518,2021-01,06075022903
251,37.781537434,-122.40951834,2020-09,06075017604
252,37.777486533,-122.397691886,2022-01,06075018000
253,37.78002675,-122.436259178,2024-09,06075015801
254,37.802575891,-122.411227184,2022-04,06075010401
255,37.781953655,-122.410041631,2020-02,06075017604
256,37.801071155,-122.442212685,2024-05,06075012700
257,37.790109944,-122.442497055,2024-10,06075013402
258,37.789478406,-122.406166894,2021-09,06075011700
259,37.78832457,-122.393911345,2022-08,06075061507
260,37.804690063,-122.436306847,2023-01,06075012602
261,37.763654746,-122.393765213,2022-09,06075022702
262,37.717636916,-122.478461274,2020-02,06075033203
263,37.763405529,-122.433095267,2022-03,06075020300
264,37.708772304,-122.407052986,2023-06,06075026403
265,37.783388956,-122.409832446,2020-03,06075012503
266,37.732954555,-122.416365956,2023-11,06075025403
267,37.754365626,-122.422264373,2020-09,06075021000
268,37.777107404,-122.392746747,2021-04,06075060703
269,37.78832457,-122.393911345,2024-03,06075061507
270,37.77714448,-122.415757032,2023-02,06075017603
271,37.757790596,-122.419696229,2022-02,06075020801
272,37.803961053,-122.43712616,2024-09,06075012601
273,37.755359739,-122.406682719,2021-12,06075022802
274,37.751252542,-122.421447402,2020-01,06075021000
275,37.759221413,-122.463311021,2020-10,06075030102
276,37.799443802,-122.405671314,2020-11,06075010402
277,37.782635513,-122.414862827,2023-07,06075012404
278,37.770633888,-122.423293251,2024-02,06075020202
279,37.7757637,-122.475750537,2020-05,06075047600
280,37.75525804,-122.408352038,2021-11,06075022803
281,37.777341322,-122.428835696,2024-09,06075016300
282,37.794514775,-122.418943711,2021-07,06075011002
283,37.759394788,-122.508071012,2020-02,06075035202
284,37.78670374,-122.46523042,2022-05,06075040200
285,37.78832457,-122.393911345,2024-06,06075061507
286,37.781537434,-122.40951834,2022-04,06075017604
287,37.761304267,-122.50713378,2022-01,06075035202
288,37.740449685,-122.421267488,2023-12,06075025300
289,37.764373209,-122.41747849,2022-08,06075020102
290,37.75678063,-122.422218843,2022-11,06075020701
291,37.779080777,-122.485668401,2023-01,06075047701
292,37.708760274,-122.453860529,2024-06,06075026201
293,37.708760274,-122.453860529,2021-07,06075026201
294,37.745939874,-122.45675881,2021-11,06075030600
295,37.78832457,-122.393911345,2024-03,06075061507
296,37.775935833,-122.421032543,2024-03,06075016200
297,37.739123409,-122.501137991,2020-06,06075035300
298,37.776860577,-122.424731137,2023-01,06075016200
299,37.774091304,-122.419997169,2022-07,06075020101
300,37.764373209,-122.41747849,2022-05,06075020102
301,37.760151412,-122.404965544,2020-12,06075022704
302,37.729301772,-122.390876776,2021-12,06075023200
303,37.783388956,-122.409832446,2022-11,06075012503
304,37.77752855,-122.436670261,2021-04,06075015802
305,37.771281605,-122.42435066,2021-08,06075016802
306,37.78832457,-122.393911345,2024-11,06075061507
307,37.78832457,-122.393911345,2024-01,06075061507
308,37.757385325,-122.413999386,2022-02,06075022801
309,37.758619593,-122.420179323,2021-12,06075020801
310,37.79838308,-122.407521729,2020-11,06075010701
311,37.770718366,-122.404602175,2020-06,06075018000
312,37.729353569,-122.412514391,2023-05,06075025701
313,37.782743972,-122.414884812,2022-05,06075012404
314,37.789478818,-122.414561131,2022-08,06075011901
315,37.776959835,-122.468822836,2022-05,06075045201
316,37.749777358,-122.419254184,2021-10,06075020900
317,37.786102515,-122.455446447,2020-09,06075015402
318,37.715544557,-122.473629106,2020-02,06075033203
319,37.754772185,-122.416421083,2020-11,06075022803
320,37.781537434,-122.40951834,2022-08,06075017604
321,37.740832568,-122.50462415,2022-08,06075035400
322,37.715862115,-122.450724488,2023-04,06075031402
323,37.71877623,-122.469015204,2021-03,06075031301
324,37.781145862,-122.409026046,2021-12,06075017604
325,37.777486533,-122.397691886,2022-01,06075018000
326,37.763407358,-122.439048936,2021-03,06075017000
327,37.756494368,-122.414533514,2022-12,06075022803
328,37.759054241,-122.411163913,2024-10,06075022801
329,37.762580944,-122.478195484,2023-12,06075032601
330,37.752063997,-122.422242082,2022-08,06075021000
331,37.795475652,-122.425889481,2022-02,06075013101
332,37.773769451,-122.497712216,2021-06,06075047802
333,37.790109709,-122.409620558,2022-07,06075011902
334,37.773337656,-122.409148509,2021-07,06075017803
335,37.769947478,-122.421979237,2023-05,06075020101
336,37.756372706,-122.491739885,2021-11,06075032700
337,37.721550048,-122.392199017,2023-11,06075023400
338,37.720076142,-122.436229896,2022-01,06075026004
339,37.783260387,-122.418366153,2022-04,06075012406
340,37.74158603,-122.421783853,2021-10,06075025300
341,37.762278549,-122.419332515,2022-02,06075020802
342,37.714242403,-122.46394956,2022-04,06075031302
343,37.796829129,-122.437969514,2021-05,06075012802
344,37.788679685,-122.418539257,2023-09,06075012001
345,37.783388956,-122.409832446,2021-06,06075012503
346,37.766056168,-122.416537007,2024-07,06075017700
347,37.777045073,-122.41443258,2024-04,06075017603
348,37.783990967,-122.415908807,2022-04,06075012404
349,37.790095488,-122.416370999,2021-01,06075011102
350,37.785358552,-122.415955969,2020-10,06075012204
351,37.78832457,-122.393911345,2024-01,06075061507
352,37.78487378,-122.389808109,2022-03,06075061508
353,37.787027218,-122.394922601,2020-08,06075061503
354,37.772694134,-122.42218914,2020-06,06075020101
355,37.777083316,-122.416979514,2022-08,06075012405
356,37.789478818,-122.414561131,2023-05,06075011901
357,37.723086661,-122.398801113,2024-04,06075023300
358,37.78832457,-122.393911345,2024-01,06075061507
359,37.786986977,-122.419110401,2022-09,06075012002
360,37.772833155,-122.450948594,2024-11,06075016500
361,37.770980917,-122.450572141,2021-05,06075016602
362,37.78487706,-122.442348915,2021-07,06075015500
363,37.785124522,-122.410307742,2022-12,06075012503
364,37.782448498,-122.416327441,2023-05,06075012403
365,37.794028098,-122.428970515,2021-12,06075013102
366,37.798750771,-122.39927347,2020-10,06075010500
367,37.791235348,-122.415937525,2022-10,06075011101
368,37.779758608,-122.470711255,2023-08,06075045201
369,37.78832457,-122.393911345,2023-06,06075061507
370,37.78511799,-122.41873546,2020-12,06075012202
371,37.716099264,-122.478851007,2020-02,06075033203
372,37.765014089,-122.415210524,2020-07,06075017700
373,37.779813722,-122.403860418,2022-10,06075017804
374,37.775881215,-122.416769544,2022-02,06075017603
375,37.800815872,-122.406615371,2020-07,06075010600
376,37.777107722,-122.423094,2021-11,06075016200
377,37.779530959,-122.413542707,2023-01,06075017604
378,37.781440446,-122.441724737,2020-05,06075015702
379,37.781589207,-122.472983324,2023-08,06075042602
380,37.789478818,-122.414561131,2020-07,06075011901
381,37.786514716,-122.469512922,2021-10,06075040200
382,37.746651049,-122.42449815,2023-12,06075021500
383,37.785807216,-122.458631334,2021-11,06075013300
384,37.796079379,-122.411606337,2021-02,06075011300
385,37.798190965,-122.430584724,2020-12,06075013001
386,37.764104409,-122.421877973,2021-01,06075020201
387,37.750122647,-122.506214057,2023-06,06075035201
388,37.774091304,-122.419997169,2022-07,06075020101
389,37.78832457,-122.393911345,2022-10,06075061507
390,37.7723804,-122.508821438,2020-03,06075047904
391,37.772772155,-122.500252839,2022-02,06075047904
392,37.779086771,-122.44286543,2024-10,06075015702
393,37.761310398,-122.506995623,2021-08,06075035202
394,37.76436624,-122.480333891,2022-12,06075032601
395,37.791700515,-122.408344612,2024-04,06075011902
396,37.79827242,-122.441643992,2024-12,06075012801
397,37.760630122,-122.500028139,2024-06,06075035101
398,37.774743527,-122.431819033,2021-09,06075016300
399,37.72094197,-122.455191889,2021-07,06075031201
400,37.78832457,-122.393911345,2023-06,06075061507
401,37.723632079,-122.425944296,2024-08,06075026002
402,37.747056861,-122.470919288,2022-07,06075030400
403,37.783565477,-122.415051135,2023-08,06075012404
404,37.786268442,-122.412997235,2023-07,06075012302
405,37.77274893,-122.419207296,2022-07,06075020101
406,37.784698897,-122.413593722,2020-07,06075012502
407,37.772345568,-122.443190214,2021-12,06075016601
408,37.781538062,-122.448850916,2020-11,06075015701
409,37.752270454,-122.499910589,2022-02,06075035102
410,37.78658886,-122.401692292,2020-01,06075061501
411,37.777790309,-122.412834332,2022-07,06075017604
412,37.783388956,-122.409832446,2020-01,06075012503
413,37.777603624,-122.455644136,2024-10,06075015600
414,37.778487482,-122.425830801,2021-11,06075016102
415,37.763654746,-122.393765213,2021-10,06075022702
416,37.799838465,-122.428456806,2022-04,06075012902
417,37.800064552,-122.408332405,2024-02,06075010600
418,37.788635276,-122.416990341,2022-04,06075012001
419,37.772826129,-122.390539901,2024-12,06075060701
420,37.799975489,-122.4200428,2020-01,06075010901
421,37.783046322,-122.410801053,2024-04,06075012503
422,37.758676483,-122.417413346,2020-01,06075020801
423,37.728445703,-122.390320661,2021-01,06075023200
424,37.757081396,-122.475670372,2023-06,06075030301
425,37.79636509,-122.414263601,2020-08,06075010800
426,37.761031443,-122.419351641,2023-06,06075020802
427,37.773112484,-122.396640077,2022-03,06075060703
428,37.777887965,-122.413601564,2021-02,06075017604
429,37.748250486,-122.506221854,2021-01,06075035400
430,37.784186692,-122.418546199,2023-01,06075012202
431,37.717460898,-122.477450501,2020-02,06075033203
432,37.719145678,-122.445634922,2022-01,06075026100
433,37.78832457,-122.393911345,2022-08,06075061507
434,37.716018901,-122.477977456,2020-02,06075033203
435,37.724343099,-122.427433354,2022-04,06075026002
436,37.710554004,-122.43518717,2022-07,06075026302
437,37.790622188,-122.41310198,2023-12,06075011901
438,37.773337656,-122.409148509,2021-05,06075017803
439,37.780130375,-122.40987145,2020-01,06075017604
440,37.776922085,-122.430546625,2024-03,06075016300
441,37.789370354,-122.414539182,2023-04,06075012100
442,37.790987195,-122.407329104,2024-11,06075011902
443,37.772670548,-122.433090198,2023-06,06075016700
444,37.774439391,-122.426706538,2020-01,06075016802
445,37.788141726,-122.399529446,2023-03,06075061501
446,37.764104409,-122.421877973,2020-11,06075020201
447,37.774091304,-122.419997169,2022-07,06075020101
448,37.775245047,-122.443780099,2020-01,06075016500
449,37.779530959,-122.413542707,2020-09,06075017604
450,37.787027218,-122.394922601,2022-09,06075061503
451,37.759060624,-122.391364853,2021-04,06075022600
452,37.772429764,-122.507750349,2020-07,06075047904
453,37.776839383,-122.493175112,2022-05,06075047801
454,37.757235568,-122.395890348,2021-09,06075061402
455,37.722866055,-122.456215123,2022-11,06075031201
456,37.782198226,-122.448147666,2020-08,06075015701
457,37.777486533,-122.397691886,2022-03,06075018000
458,37.783388956,-122.409832446,2020-08,06075012503
459,37.78832457,-122.393911345,2024-03,06075061507
460,37.714358622,-122.473175139,2020-02,06075033203
461,37.724764666,-122.394718932,2023-05,06075023300
462,37.735942496,-122.391874406,2022-04,06075061200
463,37.802511614,-122.445913523,2024-01,06075012700
464,37.761357777,-122.505924513,2023-04,06075035202
465,37.785631782,-122.413782611,2022-01,06075012301
466,37.780757755,-122.491302056,2022-03,06075042700
467,37.775328443,-122.395002097,2021-08,06075060703
468,37.775415137,-122.483391492,2020-11,06075047702
469,37.759221413,-122.463311021,2020-08,06075030102
470,37.765582441,-122.463269353,2024-02,06075030101
471,37.773488085,-122.411868809,2023-05,06075017803
472,37.787027218,-122.394922601,2022-08,06075061503
473,37.791118804,-122.416758004,2021-08,06075011101
474,37.746740557,-122.413034328,2020-09,06075025200
475,37.782625674,-122.434187754,2021-01,06075015900
476,37.798393763,-122.424792876,2021-11,06075013001
477,37.756297556,-122.417804428,2023-07,06075020801
478,37.78030991,-122.407975092,2021-05,06075017602
479,37.78658886,-122.401692292,2020-03,06075061501
480,37.797479659,-122.409353711,2021-02,06075010701
481,37.763654746,-122.393765213,2021-10,06075022702
482,37.783046322,-122.410801053,2024-11,06075012503
483,37.782743972,-122.414884812,2023-05,06075012404
484,37.775885087,-122.430365346,2024-05,06075016300
485,37.787027218,-122.394922601,2022-09,06075061503
486,37.733740897,-122.40450558,2022-07,06075023001
487,37.78832457,-122.393911345,2024-11,06075061507
488,37.757966456,-122.388787098,2021-07,06075022600
489,37.789791451,-122.411243473,2024-10,06075012100
490,37.72030093,-122.434349394,2023-12,06075026001
491,37.772694134,-122.42218914,2022-12,06075020101
492,37.731664564,-122.383168325,2021-12,06075023102
493,37.774190425,-122.510171971,2021-08,06075047904
494,37.761469063,-122.404265614,2023-07,06075022704
495,37.735648427,-122.401833131,2020-03,06075023001
496,37.794613864,-122.403978966,2022-07,06075061101
497,37.786986977,-122.419110401,2021-05,06075012002
498,37.787915709,-122.419301486,2022-04,06075012001
499,37.790698769,-122.411621209,2021-09,06075011902
500,37.789584068,-122.428071911,2024-08,06075015201
501,37.715316514,-122.439611776,2024-03,06075026301
502,37.76532636,-122.414201572,2023-03,06075017700
503,37.758483623,-122.434844609,2020-12,06075020500
504,37.737436885,-122.423574016,2022-04,06075025401
505,37.774852988,-122.411439178,2020-06,06075017803
506,37.777083316,-122.416979514,2024-11,06075012405
507,37.7868729,-122.427512151,2021-10,06075015201
508,37.789478818,-122.414561131,2023-05,06075011901
509,37.783565477,-122.415051135,2023-01,06075012404
510,37.787027218,-122.394922601,2022-09,06075061503
511,37.763654746,-122.393765213,2022-09,06075022702
512,37.71741111,-122.457582607,2022-08,06075031402
513,37.714358622,-122.473175139,2021-05,06075033203
514,37.773981431,-122.410344133,2022-02,06075017803
515,37.780348105,-122.425362907,2021-08,06075016102
516,37.789370354,-122.414539182,2022-08,06075012100
517,37.789478818,-122.414561131,2023-09,06075011901
518,37.78832457,-122.393911345,2022-08,06075061507
519,37.757957348,-122.445573172,2022-03,06075020401
520,37.714311121,-122.492030022,2022-04,06075060400
521,37.745165358,-122.457087969,2021-04,06075030600
522,37.78832457,-122.393911345,2022-08,06075061507
523,37.777083316,-122.416979514,2022-09,06075012405
524,37.787027218,-122.394922601,2023-08,06075061503
525,37.718245984,-122.439171429,2022-08,06075026004
526,37.779489776,-122.407376438,2021-01,06075017804
527,37.777603624,-122.455644136,2024-10,06075015600
528,37.732989148,-122.416561876,2024-08,06075025403
529,37.78832457,-122.393911345,2023-03,06075061507
530,37.768971267,-122.447989687,2020-12,06075016601
531,37.748408198,-122.411010507,2021-11,06075022902
532,37.759957284,-122.407933088,2024-02,06075022802
533,37.763317415,-122.504051665,2021-09,06075035202
534,37.771830541,-122.439711616,2022-02,06075016700
535,37.71568992,-122.45479584,2021-10,06075031402
536,37.765023819,-122.465379847,2021-08,06075030202
537,37.761386009,-122.482883771,2020-02,06075032601
538,37.79636509,-122.414263601,2020-01,06075010800
539,37.759694412,-122.441904387,2022-01,06075020401
540,37.776021847,-122.414869834,2021-02,06075017603
541,37.758676483,-122.417413346,2021-06,06075020801
542,37.729434959,-122.377022281,2020-10,06075023103
543,37.72801451,-122.442294852,2021-12,06075025501
544,37.735744706,-122.50090626,2021-05,06075035300
545,37.764460043,-122.478188743,2022-12,06075032601
546,37.769339964,-122.448415935,2022-08,06075016601
547,37.716705754,-122.477680051,2022-04,06075033203
548,37.767199127,-122.424452092,2023-11,06075020202
549,37.771722675,-122.393266192,2022-09,06075060701
550,37.777083316,-122.416979514,2022-08,06075012405
551,37.748250486,-122.506221854,2021-01,06075035400
552,37.779758608,-122.470711255,2023-08,06075045201
553,37.761246342,-122.466046391,2021-03,06075030202
554,37.77576838,-122.408511755,2021-03,06075017804
555,37.785890332,-122.411725718,2022-01,06075012301
556,37.739020476,-122.411498283,2022-08,06075025402
557,37.78832457,-122.393911345,2023-03,06075061507
558,37.763461049,-122.500833463,2020-02,06075035101
559,37.778068341,-122.466151799,2020-10,06075045202
560,37.780127937,-122.434593558,2024-03,06075015801
561,37.789478406,-122.406166894,2023-05,06075011700
562,37.776712311,-122.474255745,2020-09,06075047600
563,37.78832457,-122.393911345,2023-01,06075061507
564,37.763749159,-122.494267385,2020-09,06075032700
565,37.78670374,-122.46523042,2022-05,06075040200
566,37.783046322,-122.410801053,2022-03,06075012503
567,37.780721312,-122.415737767,2023-10,06075012405
568,37.783634136,-122.469908012,2023-04,06075040200
569,37.796941735,-122.429558903,2021-12,06075013001
570,37.76274436,-122.419834317,2023-04,06075020802
571,37.741557161,-122.421183411,2023-02,06075025300
572,37.785942727,-122.418902557,2022-11,06075012202
573,37.787027218,-122.394922601,2023-07,06075061503
574,37.752421188,-122.405338378,2022-09,06075022903
575,37.797604593,-122.403668204,2023-05,06075010600
576,37.780708581,-122.492372806,2022-03,06075042700
577,37.777083316,-122.416979514,2020-02,06075012405
578,37.787027218,-122.394922601,2022-09,06075061503
579,37.758808067,-122.478870866,2024-04,06075032602
580,37.787173525,-122.417641341,2024-01,06075012002
581,37.752822074,-122.409603405,2020-11,06075022902
582,37.794766557,-122.424060518,2021-02,06075013101
583,37.787915709,-122.419301486,2022-05,06075012001
584,37.781145862,-122.409026046,2020-12,06075017604
585,37.709723157,-122.461239759,2022-07,06075026201
586,37.78832457,-122.393911345,2024-09,06075061507
587,37.801495193,-122.430478136,2021-09,06075012902
588,37.758676483,-122.417413346,2024-09,06075020801
589,37.732002713,-122.390883042,2023-09,06075023200
590,37.782086415,-122.430855398,2022-06,06075015900
591,37.780142155,-122.427851896,2022-10,06075016102
592,37.743921473,-122.437233045,2020-12,06075021600
593,37.711526565,-122.442328481,2024-04,06075026301
594,37.78832457,-122.393911345,2024-11,06075061507
595,37.762766513,-122.429612363,2022-08,06075020601
596,37.737730136,-122.397406602,2023-12,06075023001
597,37.786268442,-122.412997235,2023-05,06075012302
598,37.777083316,-122.416979514,2022-08,06075012405
599,37.717406996,-122.474808968,2020-02,06075033203
600,37.757487708,-122.508938005,2023-01,06075035201
601,37.78815055,-122.475141268,2022-04,06075060100
602,37.794766557,-122.424060518,2022-05,06075013101
603,37.802845653,-122.413339169,2022-08,06075010401
604,37.739825919,-122.485208624,2023-04,06075033001
605,37.71617156,-122.432481963,2022-06,06075026004
606,37.794613864,-122.403978966,2021-11,06075061101
607,37.763247334,-122.452384783,2021-09,06075030102
608,37.795475652,-122.425889481,2020-03,06075013101
609,37.768304409,-122.420384314,2023-02,06075020101
610,37.759806799,-122.425386497,2020-10,06075020701
611,37.777083316,-122.416979514,2020-07,06075012405
612,37.712058796,-122.406110808,2024-08,06075026403
613,37.796640417,-122.424436546,2023-09,06075013001
614,37.787277155,-122.416825198,2022-04,06075012002
615,37.750491683,-122.407130357,2020-06,06075022903
616,37.777083316,-122.416979514,2021-02,06075012405
617,37.76721745,-122.445946271,2021-02,06075017101
618,37.783565477,-122.415051135,2022-08,06075012404
619,37.783388956,-122.409832446,2023-02,06075012503
620,37.779299769,-122.430296293,2022-09,06075016101
621,37.77033415,-122.424521567,2021-05,06075020202
622,37.788955612,-122.417825829,2021-12,06075012001
623,37.758619593,-122.420179323,2021-12,06075020801
624,37.768153918,-122.45431554,2023-04,06075980300
625,37.74896604,-122.49000471,2022-05,06075032901
626,37.777887965,-122.413601564,2022-01,06075017604
627,37.780488758,-122.394897291,2024-06,06075018000
628,37.722727037,-122.436194485,2024-01,06075026001
629,37.788027552,-122.447804474,2024-11,06075013300
630,37.749777358,-122.419254184,2023-06,06075020900
631,37.802723623,-122.42499636,2020-08,06075012901
632,37.777474192,-122.47924266,2022-08,06075047701
633,37.77463856,-122.500381666,2022-08,06075047903
634,37.757451265,-122.412902671,2022-08,06075022801
635,37.783260387,-122.418366153,2023-08,06075012406
636,37.730876892,-122.42503865,2022-02,06075025600
637,37.765792222,-122.420909959,2021-07,06075020102
638,37.78832457,-122.393911345,2024-09,06075061507
639,37.722748759,-122.458255469,2022-04,06075031201
640,37.791697251,-122.39213406,2024-08,06075061507
641,37.780877259,-122.414506898,2024-10,06075012405
642,37.772694134,-122.42218914,2020-06,06075020101
643,37.757487708,-122.508938005,2024-03,06075035201
644,37.736617778,-122.42483371,2022-09,06075025401
645,37.783260387,-122.418366153,2023-08,06075012406
646,37.754026683,-122.502323658,2024-05,06075035201
647,37.777083316,-122.416979514,2024-12,06075012405
648,37.787027218,-122.394922601,2022-09,06075061503
649,37.720224315,-122.451224873,2020-04,06075031202
650,37.783673953,-122.415072979,2021-03,06075012404
651,37.78030991,-122.407975092,2021-03,06075017602
652,37.784909293,-122.452936307,2023-05,06075015402
653,37.771301613,-122.45141023,2020-12,06075016602
654,37.789670951,-122.419657119,2020-03,06075011102
655,37.796344127,-122.416858771,2024-03,06075011002
656,37.774091304,-122.419997169,2022-07,06075020101
657,37.745452509,-122.423373274,2021-10,06075021500
658,37.779106802,-122.431789183,2022-10,06075016101
659,37.791654185,-122.420058319,2020-01,06075011101
660,37.758610652,-122.418503408,2023-09,06075020801
661,37.774091304,-122.419997169,2022-07,06075020101
662,37.791343879,-122.406521511,2023-12,06075011700
663,37.761031443,-122.419351641,2023-04,06075020802
664,37.776839383,-122.493175112,2021-07,06075047801
665,37.781968249,-122.439327447,2020-04,06075015801
666,37.789264947,-122.412049085,2022-02,06075012100
667,37.791697251,-122.39213406,2024-07,06075061507
668,37.779405138,-122.432762899,2023-01,06075016101
669,37.763601325,-122.497619166,2022-03,06075035101
670,37.800162135,-122.407558189,2022-09,06075010600
671,37.772738909,-122.44833127,2021-06,06075016500
672,37.78832457,-122.393911345,2023-03,06075061507
673,37.777486533,-122.397691886,2022-09,06075018000
674,37.76329484,-122.434035369,2021-05,06075020300
675,37.801704177,-122.428833527,2021-11,06075012901
676,37.71945396,-122.442784701,2024-11,06075026100
677,37.798639175,-122.412121096,2021-12,06075010702
678,37.770679319,-122.449598813,2021-10,06075016602
679,37.781145862,-122.409026046,2021-12,06075017604
680,37.781595588,-122.412190669,2023-03,06075012504
681,37.745797981,-122.477028813,2021-01,06075032801
682,37.785024662,-122.41197189,2022-08,06075012301
683,37.752223065,-122.500983633,2022-11,06075035102
684,37.719013286,-122.480443681,2020-02,06075033204
685,37.772134835,-122.388253013,2024-07,06075060701
686,37.777107404,-122.392746747,2022-10,06075060703
687,37.783990967,-122.415908807,2023-10,06075012404
688,37.715910352,-122.477955973,2024-04,06075033203
689,37.779530959,-122.413542707,2020-11,06075017604
690,37.779530959,-122.413542707,2023-06,06075017604
691,37.747647666,-122.449409795,2022-01,06075030500
692,37.795382917,-122.430017708,2022-03,06075013102
693,37.732487705,-122.384363365,2021-10,06075023102
694,37.783634136,-122.469908012,2021-06,06075040200
695,37.726006953,-122.410041179,2021-05,06075025900
696,37.777887965,-122.413601564,2020-08,06075017604
697,37.711343986,-122.396421634,2023-06,06075061000
698,37.761357777,-122.505924513,2023-08,06075035202
699,37.76944087,-122.424670274,2024-10,06075020202
700,37.79943434,-122.425002999,2021-12,06075012902
701,37.783388956,-122.409832446,2020-03,06075012503
702,37.759060624,-122.391364853,2021-09,06075022600
703,37.797153839,-122.413312256,2022-08,06075010800
704,37.777083316,-122.416979514,2024-11,06075012405
705,37.751304598,-122.479422522,2021-03,06075032802
706,37.794613864,-122.403978966,2022-11,06075061101
707,37.763052023,-122.509664146,2021-07,06075035202
708,37.775869027,-122.448995274,2021-10,06075015701
709,37.789064182,-122.417846924,2021-07,06075011102
710,37.752115388,-122.421374367,2023-10,06075021000
711,37.731247609,-122.39601184,2023-08,06075023003
712,37.71568992,-122.45479584,2021-07,06075031402
713,37.72867709,-122.407245691,2021-11,06075025702
714,37.799218934,-122.422499432,2024-09,06075010902
715,37.771224276,-122.429426468,2020-10,06075016801
716,37.755648575,-122.46565691,2021-04,06075030301
717,37.777083316,-122.416979514,2024-12,06075012405
718,37.737504217,-122.3955724,2020-06,06075061200
719,37.7220361,-122.401210137,2024-10,06075025800
720,37.786360792,-122.415616899,2022-03,06075012204
721,37.783388956,-122.409832446,2023-04,06075012503
722,37.783838518,-122.413775511,2020-05,06075012502
723,37.748399149,-122.502868009,2022-12,06075035400
724,37.78832457,-122.393911345,2024-06,06075061507
725,37.775702747,-122.510119118,2021-09,06075047904
726,37.785942727,-122.418902557,2023-06,06075012202
727,37.721311671,-122.402618875,2020-02,06075025800
728,37.795475652,-122.425889481,2021-06,06075013101
729,37.759438123,-122.419060338,2023-08,06075020801
730,37.773702122,-122.479903214,2020-09,06075047702
731,37.778670115,-122.435215027,2021-09,06075015801
732,37.748619521,-122.411584191,2021-01,06075022901
733,37.781537434,-122.40951834,2022-04,06075017604
734,37.786377576,-122.392446006,2023-01,06075061504
735,37.717771354,-122.395249692,2021-11,06075061000
736,37.763654746,-122.393765213,2021-10,06075022702
737,37.795475652,-122.425889481,2022-01,06075013101
738,37.790622188,-122.41310198,2024-11,06075011901
739,37.785942727,-122.418902557,2022-06,06075012202
740,37.76532636,-122.414201572,2021-11,06075017700
741,37.77920194,-122.50133596,2022-01,06075047902
742,37.785325833,-122.417091508,2022-09,06075012203
743,37.78605122,-122.418924277,2024-03,06075012202
744,37.793220014,-122.406954395,2024-10,06075011800
745,37.715862115,-122.450724488,2023-04,06075031402
746,37.78820946,-122.431168685,2022-03,06075015202
747,37.757580976,-122.422275311,2024-08,06075020701
748,37.78832457,-122.393911345,2023-01,06075061507
749,37.745953202,-122.413523168,2020-03,06075025200
750,37.769702722,-122.424196066,2024-06,06075020202
751,37.783388956,-122.409832446,2020-02,06075012503
752,37.777790309,-122.412834332,2022-05,06075017604
753,37.785217363,-122.41706961,2023-08,06075012203
754,37.778797888,-122.422520702,2024-04,06075016200
755,37.787277155,-122.416825198,2022-07,06075012002
756,37.761184405,-122.409025809,2021-11,06075022801
757,37.78832457,-122.393911345,2023-01,06075061507
758,37.78832457,-122.393911345,2023-03,06075061507
759,37.773408312,-122.486332269,2021-05,06075047702
760,37.752979159,-122.405828502,2024-11,06075022903
761,37.798241407,-122.403286579,2021-07,06075010600
762,37.788126304,-122.417657212,2022-01,06075012001
763,37.762352641,-122.389601294,2020-12,06075022600
764,37.732955634,-122.387590806,2021-12,06075023102
765,37.790280287,-122.414916875,2021-03,06075011901
766,37.764373209,-122.41747849,2023-03,06075020102
767,37.754308585,-122.424144017,2024-04,06075021000
768,37.752063997,-122.422242082,2022-07,06075021000
769,37.764373209,-122.41747849,2023-05,06075020102
770,37.801174807,-122.429500503,2021-02,06075012901
771,37.774003985,-122.434269989,2023-10,06075016400
772,37.76317384,-122.507265411,2021-01,06075035202
773,37.78469123,-122.39458113,2024-02,06075061504
774,37.78827867,-122.452936735,2020-03,06075013300
775,37.717612479,-122.482371216,2022-07,06075033204
776,37.772074118,-122.42882343,2023-11,06075016801
777,37.786127902,-122.440904715,2024-04,06075015300
778,37.775328443,-122.395002097,2021-08,06075060703
779,37.785835355,-122.464563714,2020-01,06075040100
780,37.769947478,-122.421979237,2022-08,06075020101
781,37.741174328,-122.496981583,2020-01,06075035300
782,37.786986977,-122.419110401,2022-04,06075012002
783,37.763988754,-122.488906826,2021-08,06075032700
784,37.789569007,-122.417179186,2021-12,06075011102
785,37.781334058,-122.399027494,2020-09,06075017801
786,37.775784448,-122.43202516,2020-03,06075016300
787,37.796150736,-122.409231849,2021-01,06075011300
788,37.728905076,-122.380246827,2023-09,06075023103
789,37.78832457,-122.393911345,2023-03,06075061507
790,37.791577687,-122.430934784,2021-08,06075013500
791,37.772256138,-122.425485594,2020-01,06075016801
792,37.795441441,-122.414847199,2021-10,06075010800
793,37.783046322,-122.410801053,2023-05,06075012503
794,37.778676959,-122.408601057,2022-08,06075017602
795,37.78511799,-122.41873546,2022-07,06075012202
796,37.795702132,-122.416839772,2022-03,06075011002
797,37.78832457,-122.393911345,2024-09,06075061507
798,37.78487706,-122.442348915,2021-07,06075015500
799,37.797657371,-122.411923656,2021-11,06075010701
800,37.757048383,-122.476471289,2023-06,06075030301
801,37.716544345,-122.388673912,2021-06,06075061000
802,37.790942138,-122.409016348,2024-12,06075011902
803,37.719835578,-122.395096735,2020-01,06075023400
804,37.789370354,-122.414539182,2020-06,06075012100
805,37.787027218,-122.394922601,2022-08,06075061503
806,37.78832457,-122.393911345,2022-06,06075061507
807,37.78511799,-122.41873546,2022-09,06075012202
808,37.800938367,-122.405642887,2022-01,06075010402
809,37.775204519,-122.468696624,2022-02,06075045201
810,37.776839383,-122.493175112,2022-08,06075047801
811,37.733065166,-122.392752918,2021-10,06075023003
812,37.764373209,-122.41747849,2022-02,06075020102
813,37.783388956,-122.409832446,2020-01,06075012503
814,37.784240454,-122.475899822,2024-08,06075042602
815,37.777887965,-122.413601564,2022-07,06075017604
816,37.764276983,-122.418688073,2024-11,06075020102
817,37.76408012,-122.403538779,2021-04,06075022704
818,37.772738909,-122.44833127,2022-02,06075016500
819,37.749145706,-122.417313457,2021-07,06075020900
820,37.78832457,-122.393911345,2022-08,06075061507
821,37.777083316,-122.416979514,2024-11,06075012405
822,37.785890332,-122.411725718,2022-04,06075012301
823,37.719013286,-122.480443681,2023-08,06075033204
824,37.779489776,-122.407376438,2023-12,06075017804
825,37.777083316,-122.416979514,2024-11,06075012405
826,37.793885306,-122.412851826,2021-01,06075011200
827,37.733592415,-122.387018017,2021-09,06075023102
828,37.712775016,-122.442776901,2024-05,06075026301
829,37.774759785,-122.416457295,2024-07,06075017603
830,37.79838308,-122.407521729,2021-09,06075010701
831,37.777083316,-122.416979514,2022-09,06075012405
832,37.803543287,-122.438381236,2024-04,06075012601
833,37.777001636,-122.407616686,2023-04,06075017804
834,37.777790309,-122.412834332,2022-02,06075017604
835,37.73165057,-122.446937341,2024-05,06075031100
836,37.764146491,-122.46256245,2023-07,06075030101
837,37.78832457,-122.393911345,2022-06,06075061507
838,37.778068341,-122.466151799,2020-10,06075045202
839,37.78605122,-122.418924277,2024-10,06075012202
840,37.772127456,-122.416663997,2022-10,06075017700
841,37.786151402,-122.417257623,2022-11,06075012203
842,37.782845036,-122.413221766,2022-02,06075012503
843,37.737747828,-122.466574592,2024-07,06075030800
844,37.78833714,-122.416017226,2022-02,06075012001
845,37.779813722,-122.403860418,2022-10,06075017804
846,37.781489844,-122.443327225,2022-08,06075015702
847,37.759815802,-122.478474858,2020-05,06075032601
848,37.763654746,-122.393765213,2024-08,06075022702
849,37.734028276,-122.437101595,2023-12,06075031100
850,37.780851317,-122.436427289,2021-05,06075015801
851,37.727123612,-122.434343493,2020-08,06075025502
852,37.777887965,-122.413601564,2022-01,06075017604
853,37.802511614,-122.445913523,2024-01,06075012700
854,37.752822074,-122.409603405,2020-12,06075022902
855,37.739916702,-122.449588604,2023-10,06075030700
856,37.78832457,-122.393911345,2023-06,06075061507
857,37.723947171,-122.443848556,2023-06,06075025501
858,37.764453851,-122.478326902,2024-05,06075032601
859,37.789264947,-122.412049085,2022-07,06075012100
860,37.762863574,-122.3917283,2024-01,06075022600
861,37.785253571,-122.475368226,2024-06,06075042602
862,37.777083316,-122.416979514,2024-11,06075012405
863,37.766896518,-122.438105412,2023-06,06075017000
864,37.76368768,-122.388662851,2020-03,06075022600
865,37.779489776,-122.407376438,2023-10,06075017804
866,37.783565477,-122.415051135,2022-12,06075012404
867,37.773408312,-122.486332269,2022-02,06075047702
868,37.771722675,-122.393266192,2024-12,06075060701
869,37.78832457,-122.393911345,2023-06,06075061507
870,37.775929599,-122.491419,2023-10,06075047801
871,37.736608806,-122.446830944,2024-02,06075030700
872,37.790132683,-122.438304507,2020-01,06075013401
873,37.782743972,-122.414884812,2022-05,06075012404
874,37.777790309,-122.412834332,2021-07,06075017604
875,37.777486533,-122.397691886,2022-09,06075018000
876,37.73089537,-122.382581389,2021-05,06075023102
877,37.764797067,-122.470592088,2020-12,06075030202
878,37.748078315,-122.417037589,2024-10,06075025200
879,37.791697251,-122.39213406,2022-03,06075061507
880,37.793885306,-122.412851826,2021-09,06075011200
881,37.719136532,-122.455045709,2024-10,06075031202
882,37.74712869,-122.40782205,2021-08,06075025100
883,37.781440446,-122.441724737,2024-06,06075015702
884,37.790388758,-122.414938763,2024-07,06075011901
885,37.785024662,-122.41197189,2023-09,06075012301
886,37.732327137,-122.395116881,2021-10,06075023003
887,37.726287607,-122.43495106,2020-06,06075025502
888,37.798065633,-122.412452529,2022-06,06075010800
889,37.78832457,-122.393911345,2023-05,06075061507
890,37.774091304,-122.419997169,2022-07,06075020101
891,37.787304006,-122.396380477,2022-05,06075061503
892,37.765783895,-122.421047941,2023-08,06075020102
893,37.769947478,-122.421979237,2022-08,06075020101
894,37.780906079,-122.413401297,2020-02,06075012504
895,37.723788125,-122.432796077,2023-09,06075026001
896,37.716913256,-122.483170985,2020-02,06075033203
897,37.77620321,-122.428744874,2022-03,06075016300
898,37.78832457,-122.393911345,2023-06,06075061507
899,37.791343879,-122.406521511,2023-09,06075011700
900,37.784078169,-122.418524721,2023-03,06075012406
901,37.777790309,-122.412834332,2020-04,06075017604
902,37.774748587,-122.476286293,2021-07,06075047600
903,37.790244379,-122.407673837,2024-11,06075011700
904,37.783388956,-122.409832446,2022-11,06075012503
905,37.775328443,-122.395002097,2024-07,06075060703
906,37.78832457,-122.393911345,2023-05,06075061507
907,37.786004828,-122.395077257,2024-10,06075061503
908,37.78832457,-122.393911345,2023-01,06075061507
909,37.727050746,-122.403281819,2021-01,06075025702
910,37.78832457,-122.393911345,2024-06,06075061507
911,37.777083316,-122.416979514,2022-08,06075012405
912,37.727945179,-122.420194596,2021-12,06075025600
913,37.782691088,-122.409536705,2024-10,06075017602
914,37.787504496,-122.414163692,2021-04,06075012302
915,37.759060624,-122.391364853,2023-08,06075022600
916,37.773598943,-122.433277155,2021-01,06075016700
917,37.78832457,-122.393911345,2023-05,06075061507
918,37.749456006,-122.501397543,2022-09,06075035102
919,37.777887965,-122.413601564,2022-01,06075017604
920,37.796472994,-122.410712302,2020-08,06075010701
921,37.708943567,-122.444958463,2022-11,06075026303
922,37.743697723,-122.482255209,2020-01,06075032801
923,37.797981702,-122.432230129,2023-12,06075013002
924,37.730876892,-122.42503865,2022-02,06075025600
925,37.710406027,-122.423154926,2021-08,06075060502
926,37.78487378,-122.389808109,2021-09,06075061508
927,37.76368768,-122.388662851,2023-02,06075022600
928,37.768241733,-122.419597973,2024-04,06075020101
929,37.777790309,-122.412834332,2020-05,06075017604
930,37.774743527,-122.431819033,2021-04,06075016300
931,37.776508038,-122.414457763,2022-11,06075017603
932,37.777790309,-122.412834332,2020-12,06075017604
933,37.781537434,-122.40951834,2020-09,06075017604
934,37.759394788,-122.508071012,2020-01,06075035202
935,37.790203959,-122.416392889,2024-12,06075011102
936,37.731008023,-122.381773258,2021-07,06075023102
937,37.716711905,-122.453113224,2022-11,06075031402
938,37.78511799,-122.41873546,2022-05,06075012202
939,37.800482418,-122.425986856,2020-08,06075012901
940,37.780877259,-122.414506898,2024-01,06075012405
941,37.794613864,-122.403978966,2023-04,06075061101
942,37.781496333,-122.475090531,2021-08,06075042602
943,37.795495066,-122.421607115,2022-10,06075011002
944,37.802756865,-122.441636163,2023-12,06075012601
945,37.748378918,-122.422653311,2020-01,06075021000
946,37.798800923,-122.425787868,2022-03,06075013001
947,37.759934505,-122.398703844,2021-01,06075022704
948,37.759934505,-122.398703844,2021-01,06075022704
949,37.786004828,-122.395077257,2023-10,06075061503
950,37.786986977,-122.419110401,2020-02,06075012002
951,37.777083316,-122.416979514,2022-09,06075012405
952,37.780052504,-122.409773824,2021-10,06075017602
953,37.745953202,-122.413523168,2022-08,06075025200
954,37.761417286,-122.446466136,2020-10,06075020401
955,37.71568992,-122.45479584,2020-09,06075031402
956,37.768971267,-122.447989687,2020-12,06075016601
957,37.787504496,-122.414163692,2021-10,06075012302
958,37.78658886,-122.401692292,2020-01,06075061501
959,37.754363097,-122.423216108,2020-02,06075021000
960,37.787027218,-122.394922601,2022-06,06075061503
961,37.779767116,-122.408298618,2021-09,06075017602
962,37.78832457,-122.393911345,2023-03,06075061507
963,37.77961924,-122.431081567,2022-10,06075016101
964,37.72941909,-122.404411916,2020-01,06075025702
965,37.791697251,-122.39213406,2024-10,06075061507
966,37.805310938,-122.412698358,2021-11,06075010102
967,37.771339101,-122.421139606,2022-07,06075020101
968,37.788229194,-122.424426273,2020-01,06075015100
969,37.783565477,-122.415051135,2023-01,06075012404
970,37.779106802,-122.431789183,2022-10,06075016101
971,37.782448498,-122.416327441,2023-05,06075012403
972,37.789795697,-122.415397149,2024-08,06075011901
973,37.777790309,-122.412834332,2023-02,06075017604
974,37.708943567,-122.444958463,2022-01,06075026303
975,37.801395939,-122.407488381,2024-04,06075010600
976,37.77493769,-122.434457137,2020-01,06075016400
977,37.800162135,-122.407558189,2022-09,06075010600
978,37.731664967,-122.443138524,2021-09,06075031100
979,37.795032571,-122.407793069,2024-02,06075061102
980,37.78832457,-122.393911345,2023-01,06075061507
981,37.74837428,-122.428229413,2022-11,06075021400
982,37.743555054,-122.421128028,2024-05,06075025300
983,37.798241407,-122.403286579,2021-05,06075010600
984,37.789478818,-122.414561131,2022-11,06075011901
985,37.751283573,-122.408512518,2021-02,06075022903
986,37.780127937,-122.434593558,2022-09,06075015801
987,37.71568992,-122.45479584,2022-10,06075031402
988,37.772365253,-122.414746123,2022-06,06075017700
989,37.748943499,-122.409635096,2021-11,06075022902
990,37.781925082,-122.465491721,2023-02,06075040200
991,37.78832457,-122.393911345,2022-10,06075061507
992,37.780899972,-122.394910628,2022-03,06075061502
993,37.772694134,-122.42218914,2020-07,06075020101
994,37.787027218,-122.394922601,2022-09,06075061503
995,37.762253262,-122.465651522,2024-05,06075030202
996,37.785548591,-122.46897631,2021-08,06075040200
997,37.750967342,-122.487057147,2024-03,06075032902
998,37.771107724,-122.437866455,2022-01,06075016700
999,37.800029852,-122.442000781,2020-10,06075012801
1000,37.781334058,-122.399027494,2021-05,06075017801
1001,37.796311529,-122.413342007,2021-12,06075010800
1002,37.78832457,-122.393911345,2024-06,06075061507
1003,37.800328068,-122.406244966,2020-07,06075010600
1004,37.777083316,-122.416979514,2023-03,06075012405
1005,37.753565071,-122.395635885,2022-05,06075061401
1006,37.783260387,-122.418366153,2024-01,06075012406
1007,37.760967195,-122.472525618,2021-10,06075030201
1008,37.751659097,-122.429108515,2020-05,06075021100
1009,37.774091304,-122.419997169,2022-07,06075020101
1010,37.745953202,-122.413523168,2022-08,06075025200
1011,37.772359929,-122.391397888,2024-12,06075060701
1012,37.804731727,-122.421008558,2021-06,06075010202
1013,37.795475652,-122.425889481,2022-01,06075013101
1014,37.787027218,-122.394922601,2024-12,06075061503
1015,37.763622673,-122.39954209,2024-09,06075022704
1016,37.776302337,-122.504953451,2020-05,06075047903
1017,37.780457839,-122.428690538,2022-09,06075016102
1018,37.773337656,-122.409148509,2021-08,06075017803
1019,37.786059846,-122.414643592,2024-12,06075012302
1020,37.748094161,-122.487325831,2024-10,06075032901
1021,37.781589207,-122.472983324,2023-07,06075042602
1022,37.735959764,-122.399421228,2023-05,06075023001
1023,37.777790309,-122.412834332,2021-09,06075017604
1024,37.788208021,-122.418443835,2020-12,06075012001
1025,37.762313571,-122.438959982,2021-10,06075017000
1026,37.779299769,-122.430296293,2022-10,06075016101
1027,37.777790309,-122.412834332,2020-09,06075017604
1028,37.753880143,-122.416954469,2023-09,06075020900
1029,37.799398245,-122.412413942,2022-03,06075010300
1030,37.772694134,-122.42218914,2020-01,06075020101
1031,37.780646414,-122.427178093,2022-10,06075016102
1032,37.752508724,-122.439695356,2021-02,06075021200
1033,37.78041897,-122.504039536,2021-06,06075047902
1034,37.761176679,-122.44549692,2021-11,06075020401
1035,37.79806998,-122.413298095,2021-08,06075010800
1036,37.793296234,-122.435568358,2021-02,06075013200
1037,37.774585655,-122.462813356,2024-11,06075045100
1038,37.783163428,-122.411599278,2020-01,06075012502
1039,37.772359929,-122.391397888,2022-08,06075060701
1040,37.759806799,-122.425386497,2020-10,06075020701
1041,37.733592415,-122.387018017,2021-01,06075023102
1042,37.774530056,-122.433460123,2021-09,06075016400
1043,37.732955634,-122.387590806,2024-05,06075023102
1044,37.709610024,-122.456500255,2021-06,06075026201
1045,37.746527066,-122.502875149,2023-07,06075035400
1046,37.76860658,-122.449976975,2023-06,06075017102
1047,37.779465216,-122.495978125,2020-10,06075047802
1048,37.772694134,-122.42218914,2022-03,06075020101
1049,37.765582441,-122.463269353,2023-08,06075030101
1050,37.752799025,-122.442795705,2024-12,06075020402
1051,37.794613864,-122.403978966,2022-09,06075061101
1052,37.775489704,-122.501052593,2023-02,06075047903
1053,37.785942727,-122.418902557,2022-07,06075012202
1054,37.764104409,-122.421877973,2020-09,06075020201
1055,37.744759837,-122.43457151,2024-08,06075021600
1056,37.802422043,-122.413358845,2024-09,06075010300
1057,37.78832457,-122.393911345,2024-09,06075061507
1058,37.759447925,-122.506864503,2023-09,06075035202
1059,37.723788125,-122.432796077,2023-09,06075026001
1060,37.78832457,-122.393911345,2023-01,06075061507
1061,37.777486533,-122.397691886,2021-08,06075018000
1062,37.719183573,-122.484666249,2020-02,06075033204
1063,37.785024662,-122.41197189,2021-01,06075012301
1064,37.786004828,-122.395077257,2023-08,06075061503
1065,37.777549236,-122.425641746,2021-07,06075016200
1066,37.753447354,-122.473266817,2020-04,06075030302
1067,37.761031443,-122.419351641,2023-09,06075020802
1068,37.777887965,-122.413601564,2024-09,06075017604
1069,37.78511799,-122.41873546,2024-09,06075012202
1070,37.777083316,-122.416979514,2024-12,06075012405
1071,37.720648376,-122.469795368,2021-12,06075031301
1072,37.723058085,-122.441302483,2022-10,06075026100
1073,37.775140431,-122.411799524,2022-03,06075017803
1074,37.789264947,-122.412049085,2024-02,06075012100
1075,37.714358622,-122.473175139,2024-06,06075033203
1076,37.777083316,-122.416979514,2022-08,06075012405
1077,37.774817065,-122.41284503,2022-09,06075017803
1078,37.77641322,-122.427099517,2021-03,06075016300
1079,37.743319411,-122.470799689,2023-04,06075030400
1080,37.74360345,-122.484398292,2023-05,06075032801
1081,37.78832457,-122.393911345,2023-03,06075061507
1082,37.772134835,-122.388253013,2024-09,06075060701
