zip,date,rent
94112,2020-1,2935.9712048154065
94112,2020-2,3022.932373325602
94112,2020-3,3045.8649691803785
94112,2020-4,3367.4927352830405
94112,2020-5,3318.4583222807987
94112,2020-6,3314.858552951545
94112,2020-7,3213.3035653791612
94112,2020-8,3162.346382882976
94112,2020-9,3078.946739680288
94112,2020-10,3001.2271466403654
94112,2020-11,2967.553854344193
94112,2020-12,3015.673010902583
94112,2021-1,3055.1722403183467
94112,2021-2,3039.702558231853
94112,2021-3,2987.014909901765
94112,2021-4,2919.1834240255403
94112,2021-5,2946.8696091166635
94112,2021-6,2965.8332836588093
94112,2021-7,3091.5623648602773
94112,2021-8,3060.960172385792
94112,2021-9,3137.7067103539853
94112,2021-10,3090.2058782666804
94112,2021-11,3115.5127579280343
94112,2021-12,3093.6790297661382
94112,2022-1,3103.355760851753
94112,2022-2,3176.070617671776
94112,2022-3,3224.5049396994054
94112,2022-4,3288.9170535501203
94112,2022-5,3306.64168985766
94112,2022-6,3363.0331750938
94112,2022-7,3318.237905662872
94112,2022-8,3346.215157521441
94112,2022-9,3284.372110244241
94112,2022-10,3364.5106759345304
94112,2022-11,3194.386005109147
94112,2022-12,3194.332610731453
94112,2023-1,3185.506743790256
94112,2023-2,3352.3478874071748
94112,2023-3,3413.5308003006216
94112,2023-4,3408.1368662869936
94112,2023-5,3392.8564480898112
94112,2023-6,3348.6655058190845
94112,2023-7,3348.33928307697
94112,2023-8,3420.3090985569825
94112,2023-9,3423.017745219488
94112,2023-10,3437.931908840437
94112,2023-11,3339.1119946173694
94112,2023-12,3440.9651834805163
94112,2024-1,3406.306272109344
94112,2024-2,3409.8519053492582
94112,2024-3,3380.895597634943
94112,2024-4,3425.0664571611524
94112,2024-5,3442.0622770123023
94112,2024-6,3439.0128742992824
94112,2024-7,3442.6527883462254
94112,2024-8,3501.1274712069294
94112,2024-9,3468.157219090099
94112,2024-10,3492.168231956543
94112,2024-11,3522.46486815449
94112,2024-12,3622.5882078786008
94110,2020-1,3646.8946343439247
94110,2020-2,3654.4900578798142
94110,2020-3,3648.9049158605458
94110,2020-4,3633.025492389603
94110,2020-5,3587.736932905738
94110,2020-6,3542.5588368949707
94110,2020-7,3475.628677511954
94110,2020-8,3385.2626057495186
94110,2020-9,3283.175732820007
94110,2020-10,3174.6810764385405
94110,2020-11,3102.180133817581
94110,2020-12,3080.3201982791606
94110,2021-1,3071.0065400270437
94110,2021-2,3090.1082364616937
94110,2021-3,3098.609317101975
94110,2021-4,3151.966239944746
94110,2021-5,3152.1763205449197
94110,2021-6,3203.279771060883
94110,2021-7,3238.814282904303
94110,2021-8,3290.3212108923985
94110,2021-9,3303.4317698238924
94110,2021-10,3280.508817013357
94110,2021-11,3283.6685533469454
94110,2021-12,3291.6770499972013
94110,2022-1,3308.8269223824996
94110,2022-2,3327.322096307716
94110,2022-3,3328.4406780938066
94110,2022-4,3349.768754340093
94110,2022-5,3369.457918122256
94110,2022-6,3410.0956228476616
94110,2022-7,3437.315415223907
94110,2022-8,3477.2416582195024
94110,2022-9,3500.2140519638833
94110,2022-10,3528.6932536857375
94110,2022-11,3495.833664992562
94110,2022-12,3453.364785414185
94110,2023-1,3398.8057991934234
94110,2023-2,3401.260368150407
94110,2023-3,3415.506748876673
94110,2023-4,3438.284808663427
94110,2023-5,3446.9017115499996
94110,2023-6,3462.705558271132
94110,2023-7,3482.013876708408
94110,2023-8,3500.8012373166493
94110,2023-9,3490.256886707799
94110,2023-10,3454.012111866326
94110,2023-11,3404.805107233018
94110,2023-12,3401.917313569024
94110,2024-1,3408.2983652838393
94110,2024-2,3451.428534183637
94110,2024-3,3469.907898101458
94110,2024-4,3497.038718039774
94110,2024-5,3483.911251068753
94110,2024-6,3487.4261294920993
94110,2024-7,3517.004434783344
94110,2024-8,3542.6152085268686
94110,2024-9,3551.906544645836
94110,2024-10,3533.6520105341824
94110,2024-11,3516.7431097569215
94110,2024-12,3472.83711177202
94122,2020-1,3007.119372606538
94122,2020-2,2945.9842699127676
94122,2020-3,2909.8663676817205
94122,2020-4,2961.4234551792006
94122,2020-5,2974.9130666391125
94122,2020-6,2974.999606296336
94122,2020-7,2872.4638279252868
94122,2020-8,2832.8595443321133
94122,2020-9,2795.729030923064
94122,2020-10,2750.552054056057
94122,2020-11,2694.768197671316
94122,2020-12,2660.733259280884
94122,2021-1,2680.0437691623115
94122,2021-2,2676.406384850323
94122,2021-3,2697.5861234602617
94122,2021-4,2712.609384959072
94122,2021-5,2767.657017192329
94122,2021-6,2778.489404962376
94122,2021-7,2791.426328687531
94122,2021-8,2807.372931002522
94122,2021-9,2850.7046629029087
94122,2021-10,2862.037741418824
94122,2021-11,2845.7163087305566
94122,2021-12,2823.14852073969
94122,2022-1,2847.3245031616884
94122,2022-2,2872.682576524464
94122,2022-3,2907.82069750716
94122,2022-4,2931.4330920018665
94122,2022-5,2919.1224572959077
94122,2022-6,2939.3050945417176
94122,2022-7,2932.082380909873
94122,2022-8,2964.3336410002853
94122,2022-9,2985.669003557394
94122,2022-10,3004.772555693146
94122,2022-11,3023.3486907801657
94122,2022-12,2991.5831396602803
94122,2023-1,2986.641943834685
94122,2023-2,2990.800414241544
94122,2023-3,3006.8034576463483
94122,2023-4,3019.650285509289
94122,2023-5,3025.3363515769565
94122,2023-6,3027.0950516948005
94122,2023-7,3028.149805738032
94122,2023-8,3034.639834486072
94122,2023-9,3057.8547527885457
94122,2023-10,3035.6612072675903
94122,2023-11,3004.509252414959
94122,2023-12,3017.565313847111
94122,2024-1,3018.2874536442
94122,2024-2,3028.750198630119
94122,2024-3,3017.332245223505
94122,2024-4,3042.16094587577
94122,2024-5,3074.011359377017
94122,2024-6,3078.9736880879495
94122,2024-7,3092.211269897546
94122,2024-8,3094.296824820029
94122,2024-9,3078.5497707456125
94122,2024-10,3122.9466593473703
94122,2024-11,3098.565154870313
94122,2024-12,3107.1251279874273
94109,2020-1,2809.7140946089753
94109,2020-2,2827.5301047315893
94109,2020-3,2798.51186558176
94109,2020-4,2761.25593369193
94109,2020-5,2723.220071866221
94109,2020-6,2698.786640180951
94109,2020-7,2662.0241911788557
94109,2020-8,2577.6586540087096
94109,2020-9,2482.6849962339215
94109,2020-10,2405.2385702490706
94109,2020-11,2362.7162226729247
94109,2020-12,2343.850314324351
94109,2021-1,2312.7410057888123
94109,2021-2,2289.1475757557673
94109,2021-3,2277.080214597562
94109,2021-4,2310.751603768961
94109,2021-5,2357.4091872146123
94109,2021-6,2435.73807988608
94109,2021-7,2474.956413589463
94109,2021-8,2518.5019712933845
94109,2021-9,2507.9476306543156
94109,2021-10,2511.835934053683
94109,2021-11,2514.799037641257
94109,2021-12,2509.5735203488875
94109,2022-1,2513.452478122076
94109,2022-2,2525.216812931127
94109,2022-3,2553.0845897159456
94109,2022-4,2562.952331022524
94109,2022-5,2581.257864237294
94109,2022-6,2584.8043128131435
94109,2022-7,2613.7640951567123
94109,2022-8,2629.67819284731
94109,2022-9,2653.579885170447
94109,2022-10,2675.511654012527
94109,2022-11,2665.7670298649587
94109,2022-12,2639.4490654739197
94109,2023-1,2608.1462534070547
94109,2023-2,2605.876537346932
94109,2023-3,2608.725966138126
94109,2023-4,2601.608050659868
94109,2023-5,2594.87983822566
94109,2023-6,2607.5326530484663
94109,2023-7,2612.1818071850935
94109,2023-8,2612.7020482568446
94109,2023-9,2610.68106974605
94109,2023-10,2604.65832402355
94109,2023-11,2591.265632492929
94109,2023-12,2555.8178026165765
94109,2024-1,2552.184890834994
94109,2024-2,2560.8242140143498
94109,2024-3,2579.4992251341723
94109,2024-4,2583.3524889888495
94109,2024-5,2572.1938630618347
94109,2024-6,2573.144308158132
94109,2024-7,2571.305298166823
94109,2024-8,2588.8065054453045
94109,2024-9,2604.059775419911
94109,2024-10,2612.689062866893
94109,2024-11,2618.0604862460136
94109,2024-12,2617.0605813288607
94116,2020-1,2608.8470992843645
94116,2020-2,2604.343579380076
94116,2020-3,2606.047149889904
94116,2020-4,2596.07084526356
94116,2020-5,2600.762138517794
94116,2020-6,2612.405826421045
94116,2020-7,2604.068658529254
94116,2020-8,2629.4995028208573
94116,2020-9,2565.3630936545346
94116,2020-10,2523.8458640807235
94116,2020-11,2461.594015095475
94116,2020-12,2377.8556935503407
94116,2021-1,2395.758226580841
94116,2021-2,2429.306324793739
94116,2021-3,2533.772804989137
94116,2021-4,2564.343802294717
94116,2021-5,2569.2730934624287
94116,2021-6,2557.428931150207
94116,2021-7,2596.4208024391487
94116,2021-8,2619.3413762145974
94116,2021-9,2660.483945252951
94116,2021-10,2635.7686005412597
94116,2021-11,2587.090021363954
94116,2021-12,2608.8847701240534
94116,2022-1,2632.740212370445
94116,2022-2,2688.6934686601926
94116,2022-3,2695.595826700381
94116,2022-4,2733.785056014628
94116,2022-5,2754.0283610962706
94116,2022-6,2781.996935443944
94116,2022-7,2715.188136275091
94116,2022-8,2728.081011736426
94116,2022-9,2710.705881274767
94116,2022-10,2767.6327612529913
94116,2022-11,2743.4146980764604
94116,2022-12,2791.4616959702844
94116,2023-1,2780.86973236982
94116,2023-2,2849.595210836416
94116,2023-3,2827.639579869633
94116,2023-4,2806.2478454284146
94116,2023-5,2773.1683759643247
94116,2023-6,2778.117304277453
94116,2023-7,2820.345959992911
94116,2023-8,2862.447740395764
94116,2023-9,2845.4827866455744
94116,2023-10,2823.212730204234
94116,2023-11,2808.8156876115713
94116,2023-12,2831.4549120179445
94116,2024-1,2852.2303711429913
94116,2024-2,2811.6424030140283
94116,2024-3,2783.0984373210745
94116,2024-4,2791.6202406400375
94116,2024-5,2829.7818458067804
94116,2024-6,2907.004317730183
94116,2024-7,2925.785510540649
94116,2024-8,2911.192483090154
94116,2024-9,2860.037643193016
94116,2024-10,2872.8859984905516
94116,2024-11,2886.591079904012
94116,2024-12,2947.0297162636616
94117,2020-1,3366.4984349934166
94117,2020-2,3399.6496901974656
94117,2020-3,3364.9885324236134
94117,2020-4,3356.238458339037
94117,2020-5,3319.1573611722915
94117,2020-6,3306.833570272293
94117,2020-7,3257.474711323812
94117,2020-8,3171.272887425733
94117,2020-9,3094.6264343056496
94117,2020-10,3019.7031538010942
94117,2020-11,2979.764940639893
94117,2020-12,2944.0350226587693
94117,2021-1,2945.31920537097
94117,2021-2,2945.140514413314
94117,2021-3,2933.125841606674
94117,2021-4,2957.0555955202776
94117,2021-5,2983.6077450464686
94117,2021-6,3027.6722712347246
94117,2021-7,3055.2195346115077
94117,2021-8,3075.2775739989925
94117,2021-9,3095.129952454742
94117,2021-10,3115.188849685189
94117,2021-11,3149.3256837357403
94117,2021-12,3182.8403174491004
94117,2022-1,3231.934599867361
94117,2022-2,3228.7374447347634
94117,2022-3,3235.622089422058
94117,2022-4,3208.934164411846
94117,2022-5,3226.8795000607774
94117,2022-6,3223.407688274812
94117,2022-7,3251.770174340096
94117,2022-8,3287.427067421089
94117,2022-9,3312.1449988480895
94117,2022-10,3292.3480100489674
94117,2022-11,3249.753893361046
94117,2022-12,3212.8253509045235
94117,2023-1,3208.4712596600184
94117,2023-2,3233.1555932103643
94117,2023-3,3251.737664829765
94117,2023-4,3267.218961282788
94117,2023-5,3277.278377139691
94117,2023-6,3303.360987967362
94117,2023-7,3294.4865205046
94117,2023-8,3283.491585568589
94117,2023-9,3287.211738757373
94117,2023-10,3277.1772171696525
94117,2023-11,3275.821037355137
94117,2023-12,3225.8016940009247
94117,2024-1,3221.5285111919015
94117,2024-2,3223.309641410578
94117,2024-3,3251.1758694035234
94117,2024-4,3300.825851298723
94117,2024-5,3304.447333957999
94117,2024-6,3348.1886360325593
94117,2024-7,3350.8277132933968
94117,2024-8,3376.1638699052705
94117,2024-9,3377.5947494552593
94117,2024-10,3384.930523450999
94117,2024-11,3425.615295909333
94117,2024-12,3429.009298683688
94118,2020-1,2959.663793374466
94118,2020-2,2957.0994359395536
94118,2020-3,2918.655192821088
94118,2020-4,2873.691322191294
94118,2020-5,2847.751588327411
94118,2020-6,2875.48879822551
94118,2020-7,2867.3284245676564
94118,2020-8,2840.3149641824857
94118,2020-9,2764.403873550681
94118,2020-10,2702.204565193326
94118,2020-11,2618.333633637797
94118,2020-12,2472.623145015262
94118,2021-1,2469.24293125055
94118,2021-2,2537.7093996759495
94118,2021-3,2666.26093576603
94118,2021-4,2690.691309367166
94118,2021-5,2702.1841678104342
94118,2021-6,2733.547807892279
94118,2021-7,2774.2336304921287
94118,2021-8,2817.4277975822893
94118,2021-9,2856.247682911088
94118,2021-10,2843.6959577074904
94118,2021-11,2816.892844780471
94118,2021-12,2780.197430693173
94118,2022-1,2806.76932189471
94118,2022-2,2790.5590822813942
94118,2022-3,2841.330190674931
94118,2022-4,2855.612875093162
94118,2022-5,2906.4988796923503
94118,2022-6,2921.52453204031
94118,2022-7,2931.500176353441
94118,2022-8,2951.0382004210205
94118,2022-9,2965.987269134429
94118,2022-10,2965.1046019019777
94118,2022-11,2937.97017972175
94118,2022-12,2928.131317653905
94118,2023-1,2914.7569558895516
94118,2023-2,2923.991463017197
94118,2023-3,2916.8648178701933
94118,2023-4,2923.662674385402
94118,2023-5,2935.3192781834805
94118,2023-6,2966.377325215392
94118,2023-7,2992.9261885666883
94118,2023-8,2974.552270025099
94118,2023-9,2981.266338646768
94118,2023-10,2946.4118690725077
94118,2023-11,2961.954321666191
94118,2023-12,2955.626714995594
94118,2024-1,2984.9687113845375
94118,2024-2,2971.323016887364
94118,2024-3,2957.916751905479
94118,2024-4,2992.2586779274084
94118,2024-5,3033.5786310276794
94118,2024-6,3046.7241622364736
94118,2024-7,3044.702178241844
94118,2024-8,3071.789582568604
94118,2024-9,3101.818560180808
94118,2024-10,3088.4713872071284
94118,2024-11,3239.7746214748054
94118,2024-12,3391.0778557424824
94121,2020-1,2924.3130243289465
94121,2020-2,2981.970177047431
94121,2020-3,3034.823214554983
94121,2020-4,3030.937054402439
94121,2020-5,2969.04977637398
94121,2020-6,2902.171913962235
94121,2020-7,2864.158457428554
94121,2020-8,2834.3396678549348
94121,2020-9,2784.633820251246
94121,2020-10,2748.016745259633
94121,2020-11,2660.472869991266
94121,2020-12,2622.440770629331
94121,2021-1,2611.0195807552323
94121,2021-2,2688.091720094219
94121,2021-3,2715.949367411835
94121,2021-4,2729.8339099036507
94121,2021-5,2720.3023335345197
94121,2021-6,2719.793084471725
94121,2021-7,2748.6008196624903
94121,2021-8,2749.0358030784305
94121,2021-9,2753.7749182260013
94121,2021-10,2757.236993848316
94121,2021-11,2770.701019613199
94121,2021-12,2766.3423185474394
94121,2022-1,2722.881323937792
94121,2022-2,2810.9671875380564
94121,2022-3,2810.290262870382
94121,2022-4,2878.223581003841
94121,2022-5,2822.8346621041783
94121,2022-6,2884.854777199494
94121,2022-7,2908.839038592507
94121,2022-8,2913.2134225367117
94121,2022-9,2867.0884313817564
94121,2022-10,2865.2642796347704
94121,2022-11,2846.36275309294
94121,2022-12,2898.590405121086
94121,2023-1,2894.256632649997
94121,2023-2,2907.492921768016
94121,2023-3,2925.898728712935
94121,2023-4,2914.0874706813306
94121,2023-5,2928.719041668492
94121,2023-6,2916.402657421502
94121,2023-7,2947.643089452417
94121,2023-8,2954.4865842710656
94121,2023-9,2940.0780147559108
94121,2023-10,2928.1926756441553
94121,2023-11,2931.070908194647
94121,2023-12,2929.5688140417715
94121,2024-1,2934.440779514562
94121,2024-2,2922.810197776042
94121,2024-3,2945.5565925811848
94121,2024-4,2927.7340322499854
94121,2024-5,2958.8756721490095
94121,2024-6,2991.5660661307547
94121,2024-7,3035.132048162376
94121,2024-8,3041.482358575559
94121,2024-9,3030.217146579054
94121,2024-10,3037.47778110168
94121,2024-11,3018.285354290452
94121,2024-12,3002.768547090231
94124,2020-1,3274.313993735008
94124,2020-2,3283.569670320692
94124,2020-3,3276.1563875606084
94124,2020-4,3277.028178771887
94124,2020-5,3245.1896386896515
94124,2020-6,3217.649381073918
94124,2020-7,3155.78681736563
94124,2020-8,3070.317214405944
94124,2020-9,2968.4920424956404
94124,2020-10,2872.398624826283
94124,2020-11,2797.0940272937337
94124,2020-12,2749.7884940452223
94124,2021-1,2750.7082774576606
94124,2021-2,2774.015116194434
94124,2021-3,2810.536162757429
94124,2021-4,2841.3907475938554
94124,2021-5,2879.7327319729375
94124,2021-6,2938.128764286678
94124,2021-7,3006.9018896583893
94124,2021-8,3049.5810334770094
94124,2021-9,3070.4419784841284
94124,2021-10,3055.365921598986
94124,2021-11,3041.5014024493953
94124,2021-12,3034.8283217807552
94124,2022-1,3048.22091542449
94124,2022-2,3080.703871821986
94124,2022-3,3101.7296009201928
94124,2022-4,3128.5684940344604
94124,2022-5,3308.8419268106654
94124,2022-6,3268.370564378383
94124,2022-7,3158.4666506942212
94124,2022-8,3169.2523894928386
94124,2022-9,3139.2278829076836
94124,2022-10,3236.8370104965265
94124,2022-11,3207.919877656703
94124,2022-12,3330.9259446721876
94124,2023-1,3404.2572902111915
94124,2023-2,3488.0396914052735
94124,2023-3,3359.964464360156
94124,2023-4,3221.8946499619797
94124,2023-5,3185.6201896944076
94124,2023-6,3205.578773453168
94124,2023-7,3285.003609169103
94124,2023-8,3247.7112180019953
94124,2023-9,3240.6348575478128
94124,2023-10,3234.906849291671
94124,2023-11,3250.177320830406
94124,2023-12,3321.4510421009268
94124,2024-1,3332.3025560889173
94124,2024-2,3362.063571636302
94124,2024-3,3396.741332898135
94124,2024-4,3446.9927645689863
94124,2024-5,3510.1870746378977
94124,2024-6,3553.076125977422
94124,2024-7,3537.7163382838407
94124,2024-8,3475.074986220152
94124,2024-9,3445.1916512344224
94124,2024-10,3414.9309831258975
94124,2024-11,3413.971380291219
94124,2024-12,3374.2052171235364
94114,2020-1,3501.4153936585153
94114,2020-2,3488.7834817772955
94114,2020-3,3513.674660217195
94114,2020-4,3450.7503108383503
94114,2020-5,3436.2316220567645
94114,2020-6,3391.330348133725
94114,2020-7,3384.944653203429
94114,2020-8,3285.6877817937484
94114,2020-9,3249.246539367626
94114,2020-10,3200.9925683765587
94114,2020-11,3127.730331971276
94114,2020-12,3048.3004464535325
94114,2021-1,3057.785828082337
94114,2021-2,3080.8598106790014
94114,2021-3,3139.476608974154
94114,2021-4,3141.5709605296693
94114,2021-5,3191.4937472761235
94114,2021-6,3223.8135636479333
94114,2021-7,3287.422394145069
94114,2021-8,3315.085445082216
94114,2021-9,3322.7147063658845
94114,2021-10,3310.6584903664343
94114,2021-11,3327.4931957696544
94114,2021-12,3319.4726576769503
94114,2022-1,3350.03232505335
94114,2022-2,3363.969352874809
94114,2022-3,3404.143546207514
94114,2022-4,3409.616320296166
94114,2022-5,3454.5808115115587
94114,2022-6,3458.7590928001073
94114,2022-7,3479.230384630106
94114,2022-8,3483.4174925226134
94114,2022-9,3491.899033467717
94114,2022-10,3480.8995393347977
94114,2022-11,3475.847339620115
94114,2022-12,3475.656468506462
94114,2023-1,3476.8565484010046
94114,2023-2,3464.4550689642806
94114,2023-3,3472.6130871366995
94114,2023-4,3496.195814127738
94114,2023-5,3539.4683763394596
94114,2023-6,3542.719334464261
94114,2023-7,3539.821353833393
94114,2023-8,3485.455913112187
94114,2023-9,3484.0667814286776
94114,2023-10,3489.275561817194
94114,2023-11,3494.646236072311
94114,2023-12,3471.8255224107897
94114,2024-1,3471.6218179993703
94114,2024-2,3503.779757694364
94114,2024-3,3569.321312831717
94114,2024-4,3552.920383305261
94114,2024-5,3537.870607031583
94114,2024-6,3528.282658859432
94114,2024-7,3598.2045123759053
94114,2024-8,3611.6034074688705
94114,2024-9,3629.3298150525056
94114,2024-10,3626.235894571801
94114,2024-11,3683.9820386838182
94114,2024-12,3708.8064757200023
94102,2020-1,3076.4796958077995
94102,2020-2,3083.675643581441
94102,2020-3,3021.6036519131
94102,2020-4,2944.748202902522
94102,2020-5,2892.2699299449123
94102,2020-6,2866.7409512936347
94102,2020-7,2804.9956946123675
94102,2020-8,2717.406130817664
94102,2020-9,2604.3499389647945
94102,2020-10,2499.479704911633
94102,2020-11,2461.42046222049
94102,2020-12,2438.990567099036
94102,2021-1,2449.0747497828897
94102,2021-2,2460.526509055321
94102,2021-3,2467.496252131603
94102,2021-4,2491.0808660578887
94102,2021-5,2494.857057419482
94102,2021-6,2582.639048784413
94102,2021-7,2662.476944138492
94102,2021-8,2720.12621953405
94102,2021-9,2678.618764014573
94102,2021-10,2660.776155103032
94102,2021-11,2628.9565504274024
94102,2021-12,2647.2923645500646
94102,2022-1,2635.003059350653
94102,2022-2,2678.4188639845543
94102,2022-3,2666.090451043857
94102,2022-4,2676.9601954755453
94102,2022-5,2658.616326383583
94102,2022-6,2687.0614954199273
94102,2022-7,2702.2770349070797
94102,2022-8,2709.758692776489
94102,2022-9,2722.4289306254395
94102,2022-10,2731.53323057867
94102,2022-11,2739.884190996825
94102,2022-12,2719.5922878153187
94102,2023-1,2706.236149998868
94102,2023-2,2702.377999173095
94102,2023-3,2750.2116706152733
94102,2023-4,2758.7166319067255
94102,2023-5,2754.2915179820075
94102,2023-6,2724.318258859474
94102,2023-7,2695.5642869808403
94102,2023-8,2702.3302228824205
94102,2023-9,2685.5293724149305
94102,2023-10,2672.1155864443085
94102,2023-11,2636.2564626088365
94102,2023-12,2605.1765401033704
94102,2024-1,2588.6584008199948
94102,2024-2,2589.5484265379005
94102,2024-3,2606.585321692439
94102,2024-4,2636.726252027609
94102,2024-5,2670.049520509411
94102,2024-6,2685.981539132169
94102,2024-7,2693.939820665625
94102,2024-8,2692.9235897043245
94102,2024-9,2700.526405945959
94102,2024-10,2690.0703291872833
94102,2024-11,2681.9984205943592
94102,2024-12,2664.4562592752377
94115,2020-1,3260.240114995744
94115,2020-2,3243.7921123167007
94115,2020-3,3239.916209760442
94115,2020-4,3214.1526224594772
94115,2020-5,3194.1637982572206
94115,2020-6,3190.867478694276
94115,2020-7,3149.04033600167
94115,2020-8,3045.330812694396
94115,2020-9,2887.600258193367
94115,2020-10,2779.1867211726403
94115,2020-11,2728.5553905926317
94115,2020-12,2707.4957475101933
94115,2021-1,2688.446742671989
94115,2021-2,2682.845566825204
94115,2021-3,2709.269739213873
94115,2021-4,2762.4192122037293
94115,2021-5,2807.0323008849696
94115,2021-6,2851.453522086969
94115,2021-7,2885.962519339315
94115,2021-8,2946.396140793359
94115,2021-9,2989.237117507175
94115,2021-10,2998.724121969879
94115,2021-11,2947.102918417141
94115,2021-12,2953.1374630628334
94115,2022-1,2985.3545617264085
94115,2022-2,3090.2294663964417
94115,2022-3,3097.394261125558
94115,2022-4,3102.3145306747692
94115,2022-5,3076.535067806178
94115,2022-6,3114.6320223687276
94115,2022-7,3151.331548261964
94115,2022-8,3169.760620827449
94115,2022-9,3176.302801285759
94115,2022-10,3177.752917962842
94115,2022-11,3161.043959855479
94115,2022-12,3100.8513839213165
94115,2023-1,3072.423391645634
94115,2023-2,3051.072249142216
94115,2023-3,3093.288263579602
94115,2023-4,3082.7748859744584
94115,2023-5,3122.0507454901954
94115,2023-6,3137.1718355773796
94115,2023-7,3164.093235864017
94115,2023-8,3157.9855815995584
94115,2023-9,3140.581882978581
94115,2023-10,3130.440975755524
94115,2023-11,3120.380221974959
94115,2023-12,3128.108164532453
94115,2024-1,3146.6828067485426
94115,2024-2,3170.3107592880997
94115,2024-3,3180.3912799960003
94115,2024-4,3190.177072183929
94115,2024-5,3197.316234321242
94115,2024-6,3197.470496593469
94115,2024-7,3198.705099681119
94115,2024-8,3210.9997721634054
94115,2024-9,3230.15830135735
94115,2024-10,3235.6585977385266
94115,2024-11,3222.9875051218614
94115,2024-12,3203.904462567609
94103,2020-1,3602.122469059375
94103,2020-2,3616.9899065141303
94103,2020-3,3616.0571857021714
94103,2020-4,3620.6613681930007
94103,2020-5,3536.7333843283777
94103,2020-6,3496.1993217133386
94103,2020-7,3375.2774591909174
94103,2020-8,3221.7704192162514
94103,2020-9,3035.485911928236
94103,2020-10,2891.85334969298
94103,2020-11,2809.1404947775195
94103,2020-12,2762.302711349196
94103,2021-1,2747.123732918002
94103,2021-2,2754.187803107307
94103,2021-3,2807.7784590209276
94103,2021-4,2881.999049622177
94103,2021-5,2954.7098884885963
94103,2021-6,3044.3976865319046
94103,2021-7,3127.3976061548938
94103,2021-8,3222.834983878708
94103,2021-9,3262.1130710740053
94103,2021-10,3243.643100407377
94103,2021-11,3208.0900472197995
94103,2021-12,3164.781047728378
94103,2022-1,3206.00859202486
94103,2022-2,3207.1132877537857
94103,2022-3,3235.003737711343
94103,2022-4,3214.18365462786
94103,2022-5,3231.11718564321
94103,2022-6,3256.880523718969
94103,2022-7,3278.3096672870633
94103,2022-8,3301.291974325771
94103,2022-9,3282.558497398219
94103,2022-10,3286.2584856187277
94103,2022-11,3270.9841216901914
94103,2022-12,3263.563374140173
94103,2023-1,3231.527222678949
94103,2023-2,3199.264163704197
94103,2023-3,3213.3160995632093
94103,2023-4,3193.0343984466876
94103,2023-5,3220.832715019049
94103,2023-6,3206.5788704743427
94103,2023-7,3229.9981330262913
94103,2023-8,3215.922051213958
94103,2023-9,3196.70221748773
94103,2023-10,3133.4128995125648
94103,2023-11,3066.2583836479353
94103,2023-12,3023.865835739719
94103,2024-1,3053.292125254062
94103,2024-2,3075.7076594964633
94103,2024-3,3130.7510232333652
94103,2024-4,3154.464903964903
94103,2024-5,3219.2759986008755
94103,2024-6,3220.8368259819085
94103,2024-7,3220.922494634861
94103,2024-8,3202.2795363923774
94103,2024-9,3209.792351811328
94103,2024-10,3206.1443620886635
94103,2024-11,3192.2918002229217
94103,2024-12,3234.323552370771
94131,2020-1,3318.1391898396187
94131,2020-2,3280.9135904161717
94131,2020-3,3250.18132243442
94131,2020-4,3331.830321942525
94131,2020-5,3347.5481389359365
94131,2020-6,3358.7392223594484
94131,2020-7,3282.1400593235267
94131,2020-8,3263.560091152118
94131,2020-9,3220.929824922448
94131,2020-10,3157.5311524624544
94131,2020-11,3060.8606512576807
94131,2020-12,3036.2065528703815
94131,2021-1,3005.5047812831585
94131,2021-2,3071.639665470725
94131,2021-3,3060.8955407086323
94131,2021-4,3117.4088032523327
94131,2021-5,3122.228910406101
94131,2021-6,3183.3973774622314
94131,2021-7,3191.771058852799
94131,2021-8,3218.183906498534
94131,2021-9,3209.3938700349036
94131,2021-10,3231.461445742083
94131,2021-11,3231.434140979684
94131,2021-12,3254.7804064209045
94131,2022-1,3230.083650871554
94131,2022-2,3229.8055045372166
94131,2022-3,3241.38201320739
94131,2022-4,3325.03680515621
94131,2022-5,3406.2358368629702
94131,2022-6,3424.800658780636
94131,2022-7,3410.0065538556437
94131,2022-8,3392.5353679387167
94131,2022-9,3392.317470993252
94131,2022-10,3423.5132750249604
94131,2022-11,3422.437740255732
94131,2022-12,3396.1533823433383
94131,2023-1,3364.058844770516
94131,2023-2,3348.346490712783
94131,2023-3,3398.568326239572
94131,2023-4,3418.4036637544127
94131,2023-5,3451.6458878196227
94131,2023-6,3450.8949925170023
94131,2023-7,3483.6533429124956
94131,2023-8,3457.1466068619125
94131,2023-9,3467.4872768660803
94131,2023-10,3432.989136223242
94131,2023-11,3404.549361208197
94131,2023-12,3354.0826102150513
94131,2024-1,3371.6114227838475
94131,2024-2,3431.8535287956206
94131,2024-3,3507.2635375043224
94131,2024-4,3531.936943923144
94131,2024-5,3528.4850602238093
94131,2024-6,3554.0296795123745
94131,2024-7,3576.9744556231303
94131,2024-8,3557.4347984579863
94131,2024-9,3559.8788204992165
94131,2024-10,3467.206820930767
94131,2024-11,3510.887268715872
94131,2024-12,3505.5631362122895
94132,2020-1,3274.313993735008
94132,2020-2,3283.569670320692
94132,2020-3,3276.1563875606084
94132,2020-4,3277.028178771887
94132,2020-5,3245.1896386896515
94132,2020-6,3217.649381073918
94132,2020-7,3155.78681736563
94132,2020-8,3070.317214405944
94132,2020-9,2968.4920424956404
94132,2020-10,2872.398624826283
94132,2020-11,2797.0940272937337
94132,2020-12,2749.7884940452223
94132,2021-1,2750.7082774576606
94132,2021-2,2774.015116194434
94132,2021-3,2810.536162757429
94132,2021-4,2841.3907475938554
94132,2021-5,2879.7327319729375
94132,2021-6,2938.128764286678
94132,2021-7,3006.9018896583893
94132,2021-8,3049.5810334770094
94132,2021-9,3070.4419784841284
94132,2021-10,3055.365921598986
94132,2021-11,3041.5014024493953
94132,2021-12,3034.8283217807552
94132,2022-1,3048.22091542449
94132,2022-2,3080.703871821986
94132,2022-3,3101.7296009201928
94132,2022-4,3128.5684940344604
94132,2022-5,3155.4184381689793
94132,2022-6,3179.271259387901
94132,2022-7,3186.552473369166
94132,2022-8,3205.563655153259
94132,2022-9,3205.542728655827
94132,2022-10,3210.0363031184374
94132,2022-11,3180.4004513700515
94132,2022-12,3168.517428941103
94132,2023-1,3159.951482043559
94132,2023-2,3176.715108104934
94132,2023-3,3187.6435174157623
94132,2023-4,3180.953896616513
94132,2023-5,3184.836586093414
94132,2023-6,3187.6105334450217
94132,2023-7,3204.886922797711
94132,2023-8,3208.2794918333666
94132,2023-9,3202.8808884523364
94132,2023-10,3186.2208662590638
94132,2023-11,3160.466283120157
94132,2023-12,3147.8812280174157
94132,2024-1,3151.299927176874
94132,2024-2,3165.1283894856756
94132,2024-3,3190.7909105670487
94132,2024-4,3208.7447882462975
94132,2024-5,3226.5722684059456
94132,2024-6,3245.1971452476455
94132,2024-7,3266.3601685529457
94132,2024-8,3276.590642780041
94132,2024-9,3276.3295870159227
94132,2024-10,3268.960257843748
94132,2024-11,3283.4090085293683
94132,2024-12,3295.497603390873
94107,2020-1,3538.9881210979593
94107,2020-2,3569.7792236027303
94107,2020-3,3565.5019997514355
94107,2020-4,3510.4074552079805
94107,2020-5,3457.1151546841024
94107,2020-6,3425.8042660098513
94107,2020-7,3368.24197568777
94107,2020-8,3257.738957136991
94107,2020-9,3107.9884031639426
94107,2020-10,2961.1987658101875
94107,2020-11,2862.2231159881926
94107,2020-12,2802.6308096897983
94107,2021-1,2796.851144106643
94107,2021-2,2796.380389745469
94107,2021-3,2844.9393301447753
94107,2021-4,2877.6920893287984
94107,2021-5,2978.0433111273605
94107,2021-6,3096.4809197134828
94107,2021-7,3221.978456398359
94107,2021-8,3295.669399455377
94107,2021-9,3298.4608418070234
94107,2021-10,3240.9004599948353
94107,2021-11,3149.3625297371045
94107,2021-12,3095.859010174365
94107,2022-1,3110.410877339192
94107,2022-2,3154.343969326297
94107,2022-3,3221.0460173585384
94107,2022-4,3271.6272131956175
94107,2022-5,3323.2384617367643
94107,2022-6,3338.13010187542
94107,2022-7,3351.9977097639753
94107,2022-8,3387.090304390182
94107,2022-9,3402.8162352410795
94107,2022-10,3364.946737160182
94107,2022-11,3296.8696547061636
94107,2022-12,3241.9211921287665
94107,2023-1,3258.1548369614484
94107,2023-2,3274.9045501377823
94107,2023-3,3316.5819641523294
94107,2023-4,3311.9322528338193
94107,2023-5,3301.606038965307
94107,2023-6,3297.2223676898934
94107,2023-7,3317.5029148883436
94107,2023-8,3344.0782159558794
94107,2023-9,3335.129540049849
94107,2023-10,3294.938223805228
94107,2023-11,3236.1245093528005
94107,2023-12,3177.3419688004465
94107,2024-1,3175.894130457663
94107,2024-2,3212.619549702777
94107,2024-3,3275.221600481153
94107,2024-4,3301.503527681178
94107,2024-5,3314.94670412955
94107,2024-6,3335.394636761798
94107,2024-7,3372.5901724507626
94107,2024-8,3400.031597391936
94107,2024-9,3386.4670456194485
94107,2024-10,3362.279741250113
94107,2024-11,3354.0462665673417
94107,2024-12,3356.931636734573
94133,2020-1,3215.506414533028
94133,2020-2,3304.0892362117024
94133,2020-3,3230.8195729624445
94133,2020-4,3185.760051990531
94133,2020-5,3139.917350191146
94133,2020-6,3171.1489188342566
94133,2020-7,3121.62331194533
94133,2020-8,2991.3211172770416
94133,2020-9,2874.295624446044
94133,2020-10,2791.273522854244
94133,2020-11,2760.911814991848
94133,2020-12,2736.339581483564
94133,2021-1,2696.5776633211967
94133,2021-2,2722.337523867895
94133,2021-3,2765.5173477670833
94133,2021-4,2792.300306412655
94133,2021-5,2774.488520949876
94133,2021-6,2809.062980123541
94133,2021-7,2910.912048895197
94133,2021-8,2951.849352564302
94133,2021-9,3005.742760088305
94133,2021-10,2987.561134686611
94133,2021-11,3042.1019582819895
94133,2021-12,3025.1719253071183
94133,2022-1,3005.433676350879
94133,2022-2,3014.9795540989253
94133,2022-3,3024.5995998289354
94133,2022-4,3065.732074834204
94133,2022-5,3069.615142751085
94133,2022-6,3093.5110439853215
94133,2022-7,3146.8071484261445
94133,2022-8,3154.661761372892
94133,2022-9,3171.9309166575085
94133,2022-10,3128.525794450065
94133,2022-11,3138.1089032238215
94133,2022-12,3141.414578247005
94133,2023-1,3123.520557102269
94133,2023-2,3107.867357699435
94133,2023-3,3077.6729266175103
94133,2023-4,3086.45018090893
94133,2023-5,3130.831321962058
94133,2023-6,3127.284125267484
94133,2023-7,3152.649664460178
94133,2023-8,3158.882460267687
94133,2023-9,3175.784214656354
94133,2023-10,3183.7410841707756
94133,2023-11,3164.77701954601
94133,2023-12,3173.7371600697293
94133,2024-1,3169.9676759017316
94133,2024-2,3167.7653239171345
94133,2024-3,3172.4173132554347
94133,2024-4,3144.1719432598907
94133,2024-5,3144.022918256725
94133,2024-6,3145.502533407604
94133,2024-7,3178.980768541369
94133,2024-8,3192.580003818374
94133,2024-9,3176.930262252784
94133,2024-10,3201.4544217162497
94133,2024-11,3228.442380268113
94133,2024-12,3249.0717644944357
94123,2020-1,3379.865146627143
94123,2020-2,3341.4904926989757
94123,2020-3,3343.34778572216
94123,2020-4,3337.114918742166
94123,2020-5,3370.6580863381055
94123,2020-6,3337.037540345849
94123,2020-7,3286.9025241117088
94123,2020-8,3222.1652960540773
94123,2020-9,3130.0113190357497
94123,2020-10,3054.6469267183747
94123,2020-11,2984.7283444836285
94123,2020-12,2947.612184191162
94123,2021-1,2939.3945757206666
94123,2021-2,2947.0900109893155
94123,2021-3,2987.8524536780765
94123,2021-4,3011.5855879642445
94123,2021-5,3046.57652176728
94123,2021-6,3080.1367422241487
94123,2021-7,3137.2721669528883
94123,2021-8,3193.7878061737692
94123,2021-9,3275.748896863716
94123,2021-10,3273.4659204840227
94123,2021-11,3303.004318929885
94123,2021-12,3296.204326558491
94123,2022-1,3325.427558818443
94123,2022-2,3331.260062456759
94123,2022-3,3358.0186349050487
94123,2022-4,3393.2934977022383
94123,2022-5,3428.9969398522344
94123,2022-6,3426.2313224929853
94123,2022-7,3433.6463940359818
94123,2022-8,3441.2858431898476
94123,2022-9,3428.0509993309374
94123,2022-10,3413.165546557042
94123,2022-11,3386.4147363805732
94123,2022-12,3373.6708129511826
94123,2023-1,3391.9655511869832
94123,2023-2,3425.6615189535883
94123,2023-3,3439.610397651645
94123,2023-4,3425.532994110763
94123,2023-5,3436.0395973437253
94123,2023-6,3461.740713949519
94123,2023-7,3475.3104000535445
94123,2023-8,3455.708532489384
94123,2023-9,3441.8749129996127
94123,2023-10,3459.116191387863
94123,2023-11,3468.432805572422
94123,2023-12,3465.964371239171
94123,2024-1,3450.4543874800106
94123,2024-2,3426.3473404131564
94123,2024-3,3428.473827436093
94123,2024-4,3437.139615902576
94123,2024-5,3461.449084568743
94123,2024-6,3515.6310207235388
94123,2024-7,3542.176671326155
94123,2024-8,3557.5622447641144
94123,2024-9,3555.538760266968
94123,2024-10,3546.270037448048
94123,2024-11,3561.0771796033623
94123,2024-12,3552.3975866342557
94127,2020-1,3274.313993735008
94127,2020-2,3283.569670320692
94127,2020-3,3276.1563875606084
94127,2020-4,3277.028178771887
94127,2020-5,3245.1896386896515
94127,2020-6,3217.649381073918
94127,2020-7,3155.78681736563
94127,2020-8,3070.317214405944
94127,2020-9,2968.4920424956404
94127,2020-10,2872.398624826283
94127,2020-11,2797.0940272937337
94127,2020-12,2749.7884940452223
94127,2021-1,2750.7082774576606
94127,2021-2,2774.015116194434
94127,2021-3,2810.536162757429
94127,2021-4,2841.3907475938554
94127,2021-5,2879.7327319729375
94127,2021-6,2938.128764286678
94127,2021-7,3006.9018896583893
94127,2021-8,3049.5810334770094
94127,2021-9,3070.4419784841284
94127,2021-10,3055.365921598986
94127,2021-11,3041.5014024493953
94127,2021-12,3034.8283217807552
94127,2022-1,3048.22091542449
94127,2022-2,3080.703871821986
94127,2022-3,3101.7296009201928
94127,2022-4,3128.5684940344604
94127,2022-5,3155.4184381689793
94127,2022-6,3179.271259387901
94127,2022-7,3186.552473369166
94127,2022-8,3205.563655153259
94127,2022-9,3205.542728655827
94127,2022-10,3210.0363031184374
94127,2022-11,3180.4004513700515
94127,2022-12,3168.517428941103
94127,2023-1,3159.951482043559
94127,2023-2,3176.715108104934
94127,2023-3,3187.6435174157623
94127,2023-4,3180.953896616513
94127,2023-5,3184.836586093414
94127,2023-6,3187.6105334450217
94127,2023-7,3204.886922797711
94127,2023-8,3208.2794918333666
94127,2023-9,3202.8808884523364
94127,2023-10,3186.2208662590638
94127,2023-11,3160.466283120157
94127,2023-12,3147.8812280174157
94127,2024-1,3151.299927176874
94127,2024-2,3165.1283894856756
94127,2024-3,3190.7909105670487
94127,2024-4,3208.7447882462975
94127,2024-5,3226.5722684059456
94127,2024-6,3245.1971452476455
94127,2024-7,3266.3601685529457
94127,2024-8,3276.590642780041
94127,2024-9,3276.3295870159227
94127,2024-10,3268.960257843748
94127,2024-11,3283.4090085293683
94127,2024-12,3295.497603390873
94105,2020-1,3884.22589559471
94105,2020-2,3948.569497974708
94105,2020-3,3957.0107261135945
94105,2020-4,3959.616570532343
94105,2020-5,3872.4423707684305
94105,2020-6,3765.517866990304
94105,2020-7,3645.171699773157
94105,2020-8,3473.044684878153
94105,2020-9,3298.7417758572556
94105,2020-10,3101.522077556012
94105,2020-11,2979.9755543267825
94105,2020-12,2926.5173719025215
94105,2021-1,2935.7820445078883
94105,2021-2,3000.5477615312125
94105,2021-3,3062.8989107665875
94105,2021-4,3153.012554882589
94105,2021-5,3258.414876120089
94105,2021-6,3403.820320582625
94105,2021-7,3568.7301061226353
94105,2021-8,3649.429235705759
94105,2021-9,3658.5936629813887
94105,2021-10,3596.6324197906565
94105,2021-11,3534.189783038252
94105,2021-12,3488.2294154925744
94105,2022-1,3481.8738901681827
94105,2022-2,3500.5842464400375
94105,2022-3,3528.95859626615
94105,2022-4,3548.219604730762
94105,2022-5,3620.69834758911
94105,2022-6,3690.37866833227
94105,2022-7,3768.38292050426
94105,2022-8,3795.3182522699217
94105,2022-9,3784.7373468714686
94105,2022-10,3738.063373275913
94105,2022-11,3695.831798022367
94105,2022-12,3675.936998971312
94105,2023-1,3647.688579681606
94105,2023-2,3634.450711655099
94105,2023-3,3626.928388346774
94105,2023-4,3612.362662205227
94105,2023-5,3591.5469170030283
94105,2023-6,3604.8936620091904
94105,2023-7,3646.0076367350616
94105,2023-8,3681.813470062635
94105,2023-9,3673.162828296958
94105,2023-10,3648.6321261907906
94105,2023-11,3599.301281445494
94105,2023-12,3530.7024107449092
94105,2024-1,3536.3866248018176
94105,2024-2,3580.2138266569505
94105,2024-3,3655.731021180556
94105,2024-4,3672.2910229299946
94105,2024-5,3687.153363662058
94105,2024-6,3735.717811195567
94105,2024-7,3787.8679996164287
94105,2024-8,3844.7484364009665
94105,2024-9,3828.833838227927
94105,2024-10,3797.684319336902
94105,2024-11,3760.654253696058
94105,2024-12,3757.3653750446233
94108,2020-1,2935.349739802956
94108,2020-2,2903.6358062120994
94108,2020-3,2970.670322836026
94108,2020-4,2940.5935912417
94108,2020-5,2914.999135557037
94108,2020-6,2853.455513961648
94108,2020-7,2784.447676508871
94108,2020-8,2686.6283541033954
94108,2020-9,2612.710974595981
94108,2020-10,2502.7789548520173
94108,2020-11,2432.9991024758083
94108,2020-12,2347.6770027800835
94108,2021-1,2341.8590063459405
94108,2021-2,2341.718351340613
94108,2021-3,2364.8914264027617
94108,2021-4,2384.1185754368385
94108,2021-5,2418.599182920043
94108,2021-6,2454.1603105508093
94108,2021-7,2491.9165455977004
94108,2021-8,2544.3173464258275
94108,2021-9,2570.489504438872
94108,2021-10,2602.135174628106
94108,2021-11,2616.153616887992
94108,2021-12,2672.7778025441853
94108,2022-1,2692.589087613295
94108,2022-2,2725.6302943270584
94108,2022-3,2704.456524039841
94108,2022-4,2723.6101574498325
94108,2022-5,2732.1758516077357
94108,2022-6,2717.01659985101
94108,2022-7,2707.3577119666015
94108,2022-8,2698.7993992335846
94108,2022-9,2730.704262304935
94108,2022-10,2704.496218557049
94108,2022-11,2729.93658016738
94108,2022-12,2736.4856087753474
94108,2023-1,2748.318552321882
94108,2023-2,2707.566165500954
94108,2023-3,2674.040411044266
94108,2023-4,2674.810004369539
94108,2023-5,2667.3587021342455
94108,2023-6,2686.8471373519965
94108,2023-7,2682.255431810735
94108,2023-8,2697.2544784024058
94108,2023-9,2677.265606489181
94108,2023-10,2676.497738701584
94108,2023-11,2635.3473236185496
94108,2023-12,2597.231969851673
94108,2024-1,2593.9373161904264
94108,2024-2,2606.9766821134663
94108,2024-3,2648.4679573404164
94108,2024-4,2646.0283034207805
94108,2024-5,2635.195712535489
94108,2024-6,2589.046042923677
94108,2024-7,2612.515383237214
94108,2024-8,2620.725787900836
94108,2024-9,2690.8114934853397
94108,2024-10,2678.2444871683133
94108,2024-11,2726.4175230936235
94108,2024-12,2697.8561319876285
94158,2020-1,4240.612041592271
94158,2020-2,4212.105056372892
94158,2020-3,4210.525718244577
94158,2020-4,4187.764685875148
94158,2020-5,4155.474905958004
94158,2020-6,4050.393066863231
94158,2020-7,3940.713625743688
94158,2020-8,3737.8192193317864
94158,2020-9,3530.4245155223225
94158,2020-10,3309.6409515734786
94158,2020-11,3088.857387624634
94158,2020-12,2974.376996889082
94158,2021-1,3064.75350370073
94158,2021-2,3152.541100805325
94158,2021-3,3279.7715087474317
94158,2021-4,3336.8009288081876
94158,2021-5,3468.9981162035115
94158,2021-6,3673.3014154217367
94158,2021-7,3874.061879665201
94158,2021-8,3946.1209635028704
94158,2021-9,3901.8571234427127
94158,2021-10,3809.515314672893
94158,2021-11,3716.931359709453
94158,2021-12,3687.6887366527894
94158,2022-1,3726.69499116017
94158,2022-2,3816.7896757723615
94158,2022-3,3855.079761105406
94158,2022-4,3902.580425073467
94158,2022-5,3910.995532357793
94158,2022-6,4000.630955499379
94158,2022-7,4034.538420535779
94158,2022-8,4110.872653021083
94158,2022-9,4108.118564457532
94158,2022-10,4050.896141187324
94158,2022-11,3925.893209826651
94158,2022-12,3804.438175420009
94158,2023-1,3796.566795116005
94158,2023-2,3865.775799071937
94158,2023-3,3963.366584763916
94158,2023-4,3958.072830832468
94158,2023-5,3920.980289716755
94158,2023-6,3896.703553571534
94158,2023-7,3899.7919149951
94158,2023-8,3917.870686940237
94158,2023-9,3903.5489445634503
94158,2023-10,3861.092907792092
94158,2023-11,3815.7207949393937
94158,2023-12,3749.419215970606
94158,2024-1,3756.943923904728
94158,2024-2,3795.44125219589
94158,2024-3,3859.0700661860033
94158,2024-4,3900.485619575992
94158,2024-5,3926.6308561801497
94158,2024-6,3970.93335171652
94158,2024-7,4026.9884131902936
94158,2024-8,4038.3743907787584
94158,2024-9,4040.7915852556266
94158,2024-10,4007.8035073570513
94158,2024-11,4005.3241831224855
94158,2024-12,4015.574022905512
94129,2020-1,3274.313993735008
94129,2020-2,3283.569670320692
94129,2020-3,3276.1563875606084
94129,2020-4,3277.028178771887
94129,2020-5,3245.1896386896515
94129,2020-6,3217.649381073918
94129,2020-7,3155.78681736563
94129,2020-8,3070.317214405944
94129,2020-9,2968.4920424956404
94129,2020-10,2872.398624826283
94129,2020-11,2797.0940272937337
94129,2020-12,2749.7884940452223
94129,2021-1,2750.7082774576606
94129,2021-2,2774.015116194434
94129,2021-3,2810.536162757429
94129,2021-4,2841.3907475938554
94129,2021-5,2879.7327319729375
94129,2021-6,2938.128764286678
94129,2021-7,3006.9018896583893
94129,2021-8,3049.5810334770094
94129,2021-9,3070.4419784841284
94129,2021-10,3055.365921598986
94129,2021-11,3041.5014024493953
94129,2021-12,3034.8283217807552
94129,2022-1,3048.22091542449
94129,2022-2,3080.703871821986
94129,2022-3,3101.7296009201928
94129,2022-4,3128.5684940344604
94129,2022-5,3155.4184381689793
94129,2022-6,3179.271259387901
94129,2022-7,3186.552473369166
94129,2022-8,3205.563655153259
94129,2022-9,3205.542728655827
94129,2022-10,3210.0363031184374
94129,2022-11,3180.4004513700515
94129,2022-12,3168.517428941103
94129,2023-1,3159.951482043559
94129,2023-2,3176.715108104934
94129,2023-3,3187.6435174157623
94129,2023-4,3180.953896616513
94129,2023-5,3184.836586093414
94129,2023-6,3187.6105334450217
94129,2023-7,3204.886922797711
94129,2023-8,3208.2794918333666
94129,2023-9,3202.8808884523364
94129,2023-10,3186.2208662590638
94129,2023-11,3160.466283120157
94129,2023-12,3147.8812280174157
94129,2024-1,3151.299927176874
94129,2024-2,3165.1283894856756
94129,2024-3,3190.7909105670487
94129,2024-4,3208.7447882462975
94129,2024-5,3226.5722684059456
94129,2024-6,3245.1971452476455
94129,2024-7,3266.3601685529457
94129,2024-8,3276.590642780041
94129,2024-9,3276.3295870159227
94129,2024-10,3268.960257843748
94129,2024-11,3283.4090085293683
94129,2024-12,3295.497603390873
